location,population,positive_rate,case_rate_per_100k,mortality_rate_per_100k,testing_rate_per_1k,vaccination_rate_pct,hospitalization_rate_per_100k,icu_rate_per_100k,case_fatality_rate_pct,recent_case_growth,recent_death_growth,case_to_test_ratio,days_to_peak,peak_case_rate_per_100k,recovery_speed,days_to_50pct_vax,vax_acceleration
Afghanistan,41128772,,571.8964816163244,19.446240699819583,0.0,67.78886500980508,0.21161537748486647,0.021358694932478755,3.400307804807537,0.0,0.0,0.0,483.0,29.940111024953527,-0.23468429233794288,209.0,0.05293967183540574
Albania,2842318,,11787.808401452616,126.8330989002638,0.0,67.78886500980508,0.21161537748486647,0.021358694932478755,1.0759684462179933,0.0,0.0,0.0,679.0,541.9872090315017,-0.4431993054528265,209.0,0.06540879308199755
Algeria,44903228,,606.0566514282671,15.324065343364623,0.0,67.78886500980508,0.21161537748486647,0.021358694932478755,2.52848728039715,2.6666666666666665,0.0,0.0,700.0,32.90186620881688,-0.13500146550169784,209.0,0.07965035055223063
American Samoa,44295,,18871.204424878655,76.75809910825149,0.0,67.78886500980508,0.21161537748486647,0.021358694932478755,0.40674721856681423,0.0,0.0,0.0,189.0,4246.528953606502,-0.034968398962882105,209.0,0.07965035055223063
Andorra,79843,,60136.768408000695,199.14081384717505,0.0,67.78886500980508,0.21161537748486647,0.021358694932478755,0.331146516713527,0.0,0.0,0.0,679.0,4358.5536615608125,-0.0994438490363683,160.0,0.07837875188041261
Angola,35588996,,302.00627182626897,5.4426935786556045,0.0,67.78886500980508,0.21161537748486647,0.021358694932478755,1.8021789897749372,0.0,0.0,0.0,637.0,31.627753702296065,-0.12386370035167833,209.0,0.03424530487412462
Anguilla,15877,,24589.028153933363,75.58102916168042,0.0,67.78886500980508,0.21161537748486647,0.021358694932478755,0.3073770491803279,0.0,0.0,0.0,658.0,1656.4842224601625,-0.009680452986662582,85.0,0.04345021186476269
Antigua and Barbuda,93772,,9710.78786844687,155.69679648509148,0.0,67.78886500980508,0.21161537748486647,0.021358694932478755,1.6033384581594552,0.0,0.0,0.0,686.0,668.6430917544683,-0.01437509790631365,155.0,0.1538433001603002
Argentina,45510324,,22195.44295048306,287.10628384012387,0.0,67.78886500980508,0.21161537748486647,0.021358694932478755,1.2935370764198932,11.0,0.09523809523809523,0.0,679.0,1693.4333405317002,-15.326378112762777,292.0,0.07216013672124656
Armenia,2780472,,16266.051231589458,315.66582939874957,0.0,67.78886500980508,0.21161537748486647,0.021358694932478755,1.9406420458439926,0.0,0.0,0.0,700.0,846.0434055800598,-0.31222823612863965,209.0,0.05087257001576967
Aruba,106459,,41540.87489080303,274.28399665598965,0.0,67.78886500980508,0.21161537748486647,0.021358694932478755,0.66027496382055,0.0,0.0,0.0,658.0,5199.1846626400775,-0.10024424133606885,72.0,0.037493515700880733
Australia,26177410,,45310.67435624838,96.40373130878876,0.0,67.78886500980508,0.21161537748486647,0.021358694932478755,0.2127616343796362,0.0,0.0,0.0,714.0,2249.3172548391913,-45.548908169595,230.0,0.2342438577686844
Austria,8939617,,68039.20123199909,252.06896447577117,0.0,67.78886500980508,0.21161537748486647,0.021358694932478755,0.3704760783658674,2.0,0.0,0.0,749.0,3569.593641427815,-13.634674139852438,203.0,0.0777951210553596
Azerbaijan,10358078,,8068.649415461053,99.95097546089148,0.0,67.78886500980508,0.21161537748486647,0.021358694932478755,1.2387571985636974,10.238095238095237,0.0,0.0,714.0,455.1809708326198,-0.5183023472895425,209.0,0.101561577861197
Bahamas,409989,,9543.42677486469,207.07872650241836,0.0,67.78886500980508,0.21161537748486647,0.021358694932478755,2.1698571319038003,6.428571428571429,0.0,0.0,665.0,763.9229345177553,-0.03360498217518242,209.0,0.06243359822778838
Bahrain,1472237,,47316.70240593057,104.33102822439594,0.0,67.78886500980508,0.21161537748486647,0.021358694932478755,0.22049513790994724,0.0,0.0,0.0,707.0,3487.889517788237,-1.653183002526016,81.0,0.07480082521160496
Bangladesh,171186368,,1198.3127067688006,17.232096424874204,0.0,67.78886500980508,0.21161537748486647,0.021358694932478755,1.4380300173349427,5.523809523809524,0.047619047619047616,0.0,693.0,58.530361482989115,-1.4795454121735596,332.0,0.08769546412263098
Barbados,281646,,38552.65120044311,210.54799287048283,0.0,67.78886500980508,0.21161537748486647,0.021358694932478755,0.546131034609788,7.095238095238095,0.0,0.0,686.0,1517.1527378340186,-0.3121063682344398,228.0,0.06788704793391512
Belarus,9534956,,10425.18706955753,74.65162922618626,0.0,67.78886500980508,0.21161537748486647,0.021358694932478755,0.7160699249625517,0.0,0.0,0.0,714.0,566.0120508159661,-1.1726048987530084,359.0,0.10267715237423632
Belgium,11655923,,41805.603897692185,294.60558378774465,0.0,67.78886500980508,0.21161537748486647,0.021358694932478755,0.7047035715802874,207.76190476190476,0.0,0.0,721.0,2885.6402019814304,-8.560294368978193,204.0,0.05456685317965642
Belize,405285,,17620.686677276484,169.75708452076933,0.0,67.78886500980508,0.21161537748486647,0.021358694932478755,0.96339653289271,0.09523809523809523,0.0,0.0,665.0,1268.4900748855744,-0.13383641862515117,255.0,0.08758987245045695
Benin,13352864,,209.96244700762324,1.2207119012071117,0.0,67.78886500980508,0.21161537748486647,0.021358694932478755,0.5813953488372093,0.0,0.0,0.0,532.0,33.35613992623605,-0.050139934522219744,209.0,0.0482026598930835
Bermuda,64207,,29373.74429579329,256.9813260236423,0.0,67.78886500980508,0.21161537748486647,0.021358694932478755,0.8748674443266171,0.0,0.0,0.0,665.0,2102.5744856479823,-0.05351603133146847,107.0,0.12800158941673184
Bhutan,782457,,8012.8364881392845,2.683853553613809,0.0,67.78886500980508,0.21161537748486647,0.021358694932478755,0.03349442557060146,0.0,0.0,0.0,763.0,1378.350503605949,-0.15852661869230614,19.0,0.10568677700364547
Bolivia,12224114,,9916.031542245108,183.13801720108304,0.0,67.78886500980508,0.21161537748486647,0.021358694932478755,1.8468882074533863,0.09523809523809523,0.0,0.0,679.0,648.0469668394782,-1.6592966530994697,548.0,0.10586751837701139
Bonaire Sint Eustatius and Saba,27052,,44070.67869288777,151.5599585982552,0.0,67.78886500980508,0.21161537748486647,0.021358694932478755,0.3439020298607616,0.0,0.0,0.0,651.0,3848.14431465326,-0.03635087996885474,145.0,0.07965035055223063
Bosnia and Herzegovina,3233530,,12483.756142667611,506.9382377772899,0.0,67.78886500980508,0.21161537748486647,0.021358694932478755,4.060782924496984,0.3333333333333333,0.09523809523809523,0.0,686.0,533.4727062993076,-0.39387056034943346,209.0,0.07965035055223063
Botswana,2630300,,12572.558263315972,106.48975402045394,0.0,67.78886500980508,0.21161537748486647,0.021358694932478755,0.847001475675545,0.0,0.0,0.0,693.0,1590.312892065544,-0.1321651544999329,321.0,0.09240543907895025
Brazil,215313504,,17422.001083592044,326.09009047570004,0.0,67.78886500980508,0.21161537748486647,0.021358694932478755,1.8717143278266128,0.0,0.0,0.0,700.0,595.8864521567584,-60.87036670285526,258.0,0.1264493778387877
British Virgin Islands,31332,,24119.11145155113,204.2640112345206,0.0,67.78886500980508,0.21161537748486647,0.021358694932478755,0.8468969167659124,0.0,0.0,0.0,658.0,3344.8231839652753,-0.010379690251320036,154.0,0.07880316991851646
Brunei,449002,,77443.53031835047,39.866192132774465,0.0,67.78886500980508,0.21161537748486647,0.021358694932478755,0.051477756720147934,50.142857142857146,0.047619047619047616,0.0,721.0,6548.300453004665,-0.862496551409208,175.0,0.1938812269036728
Bulgaria,6781955,,19610.68747875797,570.6319195571189,0.0,67.78886500980508,0.21161537748486647,0.021358694932478755,2.909800689931037,22.333333333333332,0.0,0.0,693.0,911.6987653265173,-1.8574180764008663,209.0,0.021401420005079927
Burkina Faso,22673764,,97.64148555131825,1.7641534947616107,0.0,67.78886500980508,0.21161537748486647,0.021358694932478755,1.8067663399430869,0.0,0.0,0.0,665.0,8.83840900875567,-0.011338500406572102,209.0,0.03130905869259331
Burundi,12889583,,423.3573731593955,0.11637304325516194,0.0,67.78886500980508,0.21161537748486647,0.021358694932478755,0.02748813428869871,0.0,0.0,0.0,637.0,39.38839604043048,-0.09317944351448493,209.0,0.0004600908317146662
Cambodia,16767851,,830.8697399565395,18.22535278969261,0.0,67.78886500980508,0.21161537748486647,0.021358694932478755,2.193527085322174,0.6666666666666666,0.0,0.0,525.0,39.766574738766465,-0.30395736182369854,186.0,0.13769021598765832
Cameroon,27914542,,448.6765356924,7.071582976356911,0.0,67.78886500980508,0.21161537748486647,0.021358694932478755,1.576098238666305,0.23809523809523808,0.0,0.0,378.0,31.098486229865422,-0.22255160610201022,209.0,0.014919388282544497
Canada,38454328,,12531.892378928062,143.76015100302882,0.0,67.78886500980508,0.21161537748486647,0.021358694932478755,1.1471543694770032,39.61904761904762,0.38095238095238093,0.0,714.0,764.1090490516438,-10.090033398985431,209.0,0.12727880617610707
Cape Verde,593162,,10869.543227651131,70.3011993350889,0.0,67.78886500980508,0.21161537748486647,0.021358694932478755,0.6467723423395477,0.0,0.0,0.0,658.0,1245.35961507986,-0.0695684060148287,290.0,0.1343659060636268
Cayman Islands,68722,,45796.106050464194,53.840109426384565,0.0,67.78886500980508,0.21161537748486647,0.021358694932478755,0.1175648195221149,0.0,0.0,0.0,693.0,3122.726346730305,-0.08692036065284912,110.0,0.08979582140685734
Central African Republic,5579148,,276.76268849652314,2.0253988601843864,0.0,67.78886500980508,0.21161537748486647,0.021358694932478755,0.7318178874425232,0.0,0.0,0.0,399.0,21.99260532253312,-0.019750320233383554,209.0,0.0679903391380816
Chad,17723312,,43.456888870432344,1.0946035368558653,0.0,67.78886500980508,0.21161537748486647,0.021358694932478755,2.5188262788886004,0.0,0.0,0.0,623.0,3.3628026183819366,-0.010326799347328303,209.0,0.03906584969391919
Chile,19603736,,27551.513650255238,319.9900263908879,0.0,67.78886500980508,0.21161537748486647,0.021358694932478755,1.161424488153026,12.380952380952381,0.19047619047619047,0.0,714.0,1264.5548787231169,-12.984844616930413,160.0,0.10907631621276068
China,1425887360,,6969.219433995123,8.577395622610752,0.0,67.78886500980508,0.21161537748486647,0.021358694932478755,0.12307541330627521,294.1904761904762,1.4761904761904763,0.0,1085.0,2838.6167193459096,-615.3916416446405,0.0,0.03768969396642138
Colombia,51874028,,12321.919554810742,275.14154096535555,0.0,67.78886500980508,0.21161537748486647,0.021358694932478755,2.2329438180590486,142.76190476190476,0.0,0.0,686.0,405.1372297520447,-3.6702107561262514,272.0,0.14330992289474953
Comoros,836783,,1088.5737401452946,19.12084734034989,0.0,67.78886500980508,0.21161537748486647,0.021358694932478755,1.7565045559336918,0.0,0.0,0.0,609.0,147.23052452069413,-0.010927109941694099,209.0,0.07965035055223063
Congo,5970430,,422.532380414811,6.51544361126418,0.0,67.78886500980508,0.21161537748486647,0.021358694932478755,1.5419986522376818,0.0,0.0,0.0,658.0,19.8980642935266,-0.021652088768762012,209.0,0.07965035055223063
Cook Islands,17032,,43124.70643494598,11.742602160638798,0.0,67.78886500980508,0.21161537748486647,0.021358694932478755,0.027229407760381213,0.047619047619047616,0.0,0.0,63.0,6100.281822451855,-0.013814740063153093,21.0,0.07965035055223063
Costa Rica,5180836,,23832.080382393884,180.8974458948324,0.0,67.78886500980508,0.21161537748486647,0.021358694932478755,0.7590501668015172,12.047619047619047,0.0,0.0,700.0,762.2514976347447,-2.3402944933761898,290.0,0.1262587261973923
Cote d'Ivoire,28160548,,314.0350819877511,2.9651411613154686,0.0,67.78886500980508,0.21161537748486647,0.021358694932478755,0.9442069792161386,0.047619047619047616,0.0,0.0,658.0,28.294903920193597,-0.08750727330743101,209.0,0.08783969504529487
Croatia,4030361,,32680.54648206451,465.2684957997559,0.0,67.78886500980508,0.21161537748486647,0.021358694932478755,1.423686400272104,0.0,0.0,0.0,700.0,1477.2125871603064,-1.712982776363321,342.0,0.06128743393630362
Cuba,11212198,,9932.593056241069,76.07785734786346,0.0,67.78886500980508,0.21161537748486647,0.021358694932478755,0.7659415513863272,0.0,0.0,0.0,525.0,577.2195603395515,-2.4046906593040194,129.0,0.0739243582068013
Curacao,191173,,24000.77416790028,159.54135782772673,0.0,67.78886500980508,0.21161537748486647,0.021358694932478755,0.6647342152867075,0.0,0.0,0.0,672.0,3107.6564159164736,-0.08117695397489791,254.0,0.0515640916730833
Cyprus,896007,,77723.72314055583,161.94069912400238,0.0,67.78886500980508,0.21161537748486647,0.021358694932478755,0.20835427406269294,93.47619047619048,0.0,0.0,742.0,3558.6775549744593,-1.2759699761476426,187.0,0.14531018022167927
Czechia,10493990,,45377.58278786239,414.60874271845125,0.0,65.71154537025478,0.21161537748486647,0.021358694932478755,0.9136862680780584,46.10344827586207,0.034482758620689655,0.0,700.0,2730.820212331058,-6.484334865334111,225.0,0.03955183974764625
Democratic Republic of Congo,99010216,,102.01876541709595,1.4887352634398858,0.0,67.78886500980508,0.21161537748486647,0.021358694932478755,1.4592759061073766,3.619047619047619,0.14285714285714285,0.0,644.0,6.968977827500144,-0.12709644484403337,209.0,0.01776944350234628
Denmark,5882259,,58407.47576738801,164.78363159459659,0.0,67.78886500980508,0.21161537748486647,0.021358694932478755,0.2821276376518295,0.0,0.0,0.0,714.0,5483.369569412023,-6.887816093924698,203.0,0.07053484953535466
Djibouti,1120851,,1399.8292368923255,16.862187748416158,0.0,67.78886500980508,0.21161537748486647,0.021358694932478755,1.2045889101338432,0.0,0.0,0.0,378.0,112.41458498944105,-0.022150298871343628,209.0,0.04903469254537045
Dominica,72758,,22055.30663294758,101.7070287803403,0.0,67.78886500980508,0.21161537748486647,0.021358694932478755,0.4611453854302985,0.0,0.0,0.0,679.0,1330.4378899914786,-0.03238463724057837,209.0,0.06371685405470078
Dominican Republic,11228821,,5887.55489111457,39.04238922323189,0.0,67.78886500980508,0.21161537748486647,0.021358694932478755,0.6631341863522022,0.0,0.0,0.0,679.0,386.59446080759506,-0.8794276042353663,248.0,0.04612187940876164
East Timor,1341298,,1749.0520376530792,10.28854139795929,0.0,67.78886500980508,0.21161537748486647,0.021358694932478755,0.5882352941176471,0.0,0.0,0.0,525.0,162.97646011550006,-0.016622141741538508,371.0,0.0753554782905418
Ecuador,18001002,,5985.472364260612,200.26662960206326,0.0,67.78886500980508,0.21161537748486647,0.021358694932478755,3.3458784439112903,22.857142857142858,0.0,0.0,686.0,342.8809129625118,-1.9915321906871206,217.0,0.16117699203856117
Egypt,110990096,,464.92706880801325,22.371365459491088,0.0,67.78886500980508,0.21161537748486647,0.021358694932478755,4.8118010243729445,0.0,0.0,0.0,721.0,14.300375053284034,-0.5305606994035548,209.0,0.06589344739657205
El Salvador,6336393,,3186.671028769838,66.7572229184648,0.0,67.78886500980508,0.21161537748486647,0.021358694932478755,2.094889064976228,0.5714285714285714,0.0,0.0,700.0,200.06650471332821,-0.2943275436610997,156.0,0.18506159862756794
Equatorial Guinea,1674916,,1022.7378567044556,10.9259210611159,0.0,67.78886500980508,0.21161537748486647,0.021358694932478755,1.0683012259194395,0.0,0.0,0.0,665.0,69.31690902707957,-0.012032305133562463,209.0,0.02870772202485608
Eritrea,3684041,,276.5712976592823,2.7958429344298827,0.0,67.78886500980508,0.21161537748486647,0.021358694932478755,1.0108941014819903,0.0,0.0,0.0,665.0,15.553572829401192,-0.007596065379524445,209.0,0.07965035055223063
Estonia,1326064,,46036.31498932178,226.0826023480013,0.0,65.06081154454084,0.21161537748486647,0.021358694932478755,0.4910962191488211,0.0,0.0,0.0,707.0,3622.0725394852734,-1.385870766473255,254.0,0.037462517809004066
Eswatini,1201680,,6270.887424272685,118.75041608414887,0.0,67.78886500980508,0.21161537748486647,0.021358694932478755,1.8936780083868572,0.0,0.0,0.0,644.0,627.4548964782638,-0.07860099409832352,209.0,0.04490636632448742
Ethiopia,123379928,,406.2192352713968,6.138761890021527,0.0,67.78886500980508,0.21161537748486647,0.021358694932478755,1.5111942904230506,0.38095238095238093,0.0,0.0,658.0,23.172326701309146,-0.406864964186604,209.0,0.07965035055223063
Falkland Islands,3801,,50591.94948697711,0.0,0.0,67.78886500980508,0.21161537748486647,0.021358694932478755,0.0,0.0,0.0,0.0,770.0,19310.70770849776,-0.006735063159491299,209.0,0.07965035055223063
Faroe Islands,53117,,65248.413878795865,52.71382043413596,0.0,67.78886500980508,0.21161537748486647,0.021358694932478755,0.08078942812626233,0.0,0.0,0.0,700.0,9362.351036391363,-0.07183108351509766,172.0,0.2461498049575405
Fiji,929769,,7426.253187619721,95.18493303175305,0.0,67.78886500980508,0.21161537748486647,0.021358694932478755,1.2817356293539184,0.0,0.0,0.0,497.0,782.3448620033579,-0.15261801927145985,140.0,0.07460225626647206
Finland,5540745,,27066.97384557492,206.93968049422958,0.0,67.78886500980508,0.21161537748486647,0.021358694932478755,0.764546792984253,0.0,0.0,0.0,700.0,1109.0205378518592,-5.377361116087959,224.0,0.086673670445869
France,67813000,,57507.39533717724,247.87430138763955,0.0,67.78886500980508,0.21161537748486647,0.021358694932478755,0.43103030477089677,0.0,0.0,0.0,728.0,3564.2767610930055,-114.02100557987887,222.0,0.08512360731870232
French Guiana,304568,,32190.184129652494,135.60190170996296,0.0,67.78886500980508,0.21161537748486647,0.021358694932478755,0.42125233320753563,0.0,0.0,0.0,679.0,3708.531428121142,-0.15528793999000384,209.0,0.07965035055223063
French Polynesia,306292,,25918.731145442907,212.21579407885287,0.0,67.78886500980508,0.21161537748486647,0.021358694932478755,0.8187738546613424,2.5714285714285716,0.0,0.0,525.0,2625.599101510976,-0.14490610574108923,278.0,0.10998678438419814
Gabon,2388997,,2053.204754966205,12.850581227184463,0.0,67.78886500980508,0.21161537748486647,0.021358694932478755,0.6258791869686653,0.0,0.0,0.0,658.0,122.56189522213715,-0.04241384792232252,209.0,0.023806745108790273
Gambia,2705995,,466.6305739663229,13.747253782804476,0.0,67.78886500980508,0.21161537748486647,0.021358694932478755,2.9460679496317415,0.0,0.0,0.0,497.0,35.587648905485786,-0.01588792954982785,209.0,0.02569485279012337
Georgia,3744385,,49770.92366303145,458.01914065994816,0.0,67.78886500980508,0.21161537748486647,0.021358694932478755,0.9202544516973731,5.523809523809524,0.0,0.0,707.0,4054.8714942507245,-2.9833376268954646,209.0,0.10477067565261024
Germany,83369840,,46105.10947364179,209.8828545190923,0.0,67.78886500980508,0.21161537748486647,0.021358694932478755,0.4552268868141002,0.0,0.0,0.0,812.0,1905.834292113311,-102.34760007151766,192.0,0.09263676461797583
Ghana,33475870,,513.9881353344962,4.367324882071773,0.0,67.78886500980508,0.21161537748486647,0.021358694932478755,0.8496937150562007,0.23809523809523808,0.0,0.0,651.0,21.690250320604065,-0.1602602560516031,209.0,0.05487871921156702
Gibraltar,32677,,62888.270037029106,345.8089787924228,0.0,67.78886500980508,0.21161537748486647,0.021358694932478755,0.5498783454987834,0.0,0.0,0.0,693.0,3213.269271964991,-0.04526795773366738,39.0,0.20247059732162298
Greece,10384972,,54633.57050938607,378.02701827217254,0.0,67.78886500980508,0.21161537748486647,0.021358694932478755,0.6919317458982978,826.3809523809524,6.142857142857143,0.0,679.0,2323.7520524850715,-16.09805211007711,198.0,0.042611889426097165
Greenland,56494,,21189.860870180903,37.172089071405814,0.0,67.78886500980508,0.21161537748486647,0.021358694932478755,0.1754239411912121,0.0,0.0,0.0,665.0,5393.493114313024,-0.029562786735831487,163.0,0.23782162136405727
Grenada,125459,,15696.761491802103,189.70340908185145,0.0,67.78886500980508,0.21161537748486647,0.021358694932478755,1.2085512618696999,0.0,0.0,0.0,658.0,1487.3384930535076,-0.056770151680104075,209.0,0.055909263893969656
Guadeloupe,395762,,51352.83326847954,257.98333341755904,0.0,67.78886500980508,0.21161537748486647,0.021358694932478755,0.5023740989494919,0.0,0.0,0.0,679.0,4317.99920154032,-0.6015570116978568,209.0,0.07965035055223063
Guam,171783,,30437.819807547894,243.9123778255124,0.0,67.78886500980508,0.21161537748486647,0.021358694932478755,0.8013464149788667,0.0,0.0,0.0,693.0,3436.3120914176607,-0.0882326980364819,209.0,0.07965035055223063
Guatemala,17843914,,7007.268696766863,113.22067568808053,0.0,67.78886500980508,0.21161537748486647,0.021358694932478755,1.615760442300725,0.19047619047619047,0.0,0.0,854.0,214.29715476100142,-2.203405067719525,209.0,0.07634538990657072
Guernsey,63329,,55781.71138025233,105.79671240663833,0.0,67.78886500980508,0.21161537748486647,0.021358694932478755,0.18966200532185926,0.0,0.0,0.0,749.0,4636.106680983436,-0.08238431832021648,352.0,0.07965035055223063
Guinea,13859349,,278.310330449143,3.376781983049853,0.0,67.78886500980508,0.21161537748486647,0.021358694932478755,1.2133153582909884,0.0,0.0,0.0,665.0,13.030915088435972,-0.018729274308623693,209.0,0.04630928885728419
Guinea-Bissau,2105580,,456.5962822595199,8.40623486165332,0.0,67.78886500980508,0.21161537748486647,0.021358694932478755,1.841065113376326,0.0,0.0,0.0,665.0,20.42192650006174,-0.008020057597522386,209.0,0.03848258948925045
Guyana,808727,,9204.96038836344,160.99375932793143,0.0,67.78886500980508,0.21161537748486647,0.021358694932478755,1.7489891594911544,2.142857142857143,0.0,0.0,679.0,812.6351661314634,-0.08724290555276466,209.0,0.09664199171070081
Haiti,11585003,,297.4189993735867,7.423390395324025,0.0,67.78886500980508,0.21161537748486647,0.021358694932478755,2.495936846993267,0.0,0.0,0.0,77.0,11.566678057830455,-0.03860061233939479,209.0,0.004151995509254124
Honduras,10432858,,4532.756029076596,106.52881501885678,0.0,67.78886500980508,0.21161537748486647,0.021358694932478755,2.35019962105833,0.42857142857142855,0.0,0.0,525.0,101.55414748288533,-0.474591105824356,420.0,0.08982445153982498
Hong Kong,7488863,,0.0,0.0,0.0,90.84592681158675,0.21161537748486647,0.021358694932478755,0.8372726045896857,0.0,0.0,0.0,679.0,0.0,0.0,195.0,0.08019106908434935
Hungary,9967304,,22381.177497947287,492.1390979948038,0.0,67.78886500980508,0.21161537748486647,0.021358694932478755,2.1988972565895644,12.0,0.09523809523809523,0.0,700.0,1088.4387593676283,-2.945873846983498,167.0,0.11491294192031255
Iceland,372903,,56415.20717183826,49.87892293706407,0.0,67.78886500980508,0.21161537748486647,0.021358694932478755,0.08841396750549022,5.571428571428571,0.0,0.0,763.0,5266.785196150206,-0.3636842194825958,161.0,0.24432649674784052
India,1417173120,,3178.281281541665,37.65404469427136,0.0,67.17531814320611,0.21161537748486647,0.021358694932478755,1.184729775585086,34.3448275862069,0.034482758620689655,0.0,462.0,193.26904817387447,-68.91995415818856,352.0,0.0550686727102611
Indonesia,275501344,,2478.8986147377923,58.823306502635425,0.0,67.78886500980508,0.21161537748486647,0.021358694932478755,2.372961368928657,4.476190476190476,0.0,0.0,714.0,141.46101588528003,-8.748858608903852,385.0,0.13257198115742067
Iran,88550568,,8614.132209744832,165.8227646828872,0.0,67.78886500980508,0.21161537748486647,0.021358694932478755,1.9250083542402374,0.0,0.0,0.0,539.0,304.8822905348275,-12.444394760010438,221.0,0.08852641477716885
Iraq,44496124,,5541.033192014657,57.02743906413062,0.0,67.78886500980508,0.21161537748486647,0.021358694932478755,1.029184216876999,0.0,0.0,0.0,518.0,186.7533450778769,-3.1527079533532505,209.0,0.03038240631489457
Ireland,5023108,,34741.20006975761,193.98348592146536,0.0,67.78886500980508,0.21161537748486647,0.021358694932478755,0.558367257123996,126.14285714285714,1.1904761904761905,0.0,679.0,2938.0813631719643,-3.345877272045245,57.0,0.021994684075017625
Isle of Man,84534,,44961.79052215676,137.22289256393876,0.0,67.78886500980508,0.21161537748486647,0.021358694932478755,0.3051989054935803,0.0,0.0,0.0,833.0,3125.369673740743,-0.015046230321646889,157.0,0.20088156540401828
Israel,9449000,,51238.840088898294,134.47983913641656,0.0,67.78886500980508,0.21161537748486647,0.021358694932478755,0.26245683724123514,0.0,0.0,0.0,707.0,5235.823896708646,-14.591410926340512,97.0,0.041016685616468776
Italy,59037472,,45362.84683734426,334.20638336275647,0.0,67.78886500980508,2.8084564099673286,0.08073968117514697,0.7367403209086654,1397.5833333333333,3.375,0.0,714.0,2148.047599328101,-78.94818957721287,203.0,0.06957745536866064
Jamaica,2827382,,5559.241729628327,127.71532109916524,0.0,67.78886500980508,0.21161537748486647,0.021358694932478755,2.297351461054453,3.0476190476190474,0.047619047619047616,0.0,672.0,325.17714267120607,-0.2265707929958199,209.0,0.02891988436300231
Japan,123951696,,27271.568756913177,60.26057118250323,0.0,67.78886500980508,0.21161537748486647,0.021358694932478755,0.2209648140143296,0.0,0.0,0.0,931.0,1207.7027167099027,-164.06746907266555,176.0,0.09884365983533645
Jersey,110796,,59921.83833351384,145.3121051301491,0.0,67.78886500980508,0.21161537748486647,0.021358694932478755,0.24250274886656326,0.0,0.0,0.0,665.0,3190.5483952489258,-0.21487811135872667,115.0,0.05781906477746664
Jordan,11285875,,15479.499817249436,125.12986365700489,0.0,67.78886500980508,0.21161537748486647,0.021358694932478755,0.8083585718807761,0.0,0.0,0.0,707.0,1210.0701097610952,-1.9731307248311163,209.0,0.0992465453545419
Kazakhstan,19397998,,7755.284849498386,98.31942450968394,0.0,67.78886500980508,0.21161537748486647,0.021358694932478755,1.2677732206837413,0.0,0.0,0.0,679.0,501.3816374246456,-1.4989587192404101,518.0,0.09606244132748377
Kenya,54027484,,636.909170154953,10.529825893798794,0.0,67.78886500980508,0.21161537748486647,0.021358694932478755,1.6532696320319902,0.047619047619047616,0.0,0.0,651.0,35.209857264498936,-0.33797004391012986,209.0,0.04339720056209776
Kiribati,131237,,3874.6694910734013,18.287525621585374,0.0,67.78886500980508,0.21161537748486647,0.021358694932478755,0.471976401179941,0.0,0.0,0.0,357.0,1136.1125292409915,-0.0023067340043401376,398.0,0.07965035055223063
Kuwait,4268886,,15631.478563728335,60.2030600020708,0.0,67.78886500980508,0.21161537748486647,0.021358694932478755,0.38513989419892397,0.0,0.0,0.0,700.0,959.3837830291088,-0.8066379212329174,288.0,0.03516069708455646
Kyrgyzstan,6630621,,1341.5485517872307,15.443500691714998,0.0,67.78886500980508,0.21161537748486647,0.021358694932478755,1.1511697188402863,0.0,0.0,0.0,7.0,152.68554785441665,-0.28057625581932416,209.0,0.017839360425744237
Laos,7529477,,2909.365418076183,8.911641538980728,0.0,67.78886500980508,0.21161537748486647,0.021358694932478755,0.30630877385191274,0.0,0.0,0.0,735.0,206.7474274773666,-0.24825415642579257,279.0,0.17802385376536548
Latvia,1850654,,52833.48481131536,403.91126596327564,0.0,67.78886500980508,0.21161537748486647,0.021358694932478755,0.7644986269706934,0.0,0.0,0.0,707.0,3702.3128040141482,-2.7132594339336675,291.0,0.16605619541731645
Lebanon,5489744,,22585.825495687957,199.4082055556689,0.0,67.78886500980508,0.21161537748486647,0.021358694932478755,0.8828909334916252,0.0,0.0,0.0,714.0,1052.9270581651895,-1.482158037880723,209.0,0.10027876163832802
Lesotho,2305826,,1567.2474852829314,30.74820042795944,0.0,67.78886500980508,0.21161537748486647,0.021358694932478755,1.961923736786762,0.0,0.0,0.0,588.0,115.0997516725026,-0.032815893643894894,209.0,0.07965035055223063
Liberia,5302690,,149.54673948505382,5.544355789231503,0.0,67.78886500980508,0.21161537748486647,0.021358694932478755,3.7074401008827236,0.0,0.0,0.0,469.0,21.536239154089717,-0.00984763634160225,453.0,0.13443646489590919
Libya,6812344,,7446.320972634382,94.4902371342375,0.0,67.78886500980508,0.21161537748486647,0.021358694932478755,1.2689519761704342,0.0,0.0,0.0,679.0,386.5483011427491,-0.4150325631952829,209.0,0.04431167652838817
Liechtenstein,39355,,54854.529284716045,226.14661415322067,0.0,67.78886500980508,0.21161537748486647,0.021358694932478755,0.412266073744673,0.19047619047619047,0.0,0.0,742.0,2919.5781984500063,-0.0339067151896624,209.0,0.07965035055223063
Lithuania,2750058,,49793.6770788107,356.7197491834718,0.0,68.40241187640406,0.21161537748486647,0.021358694932478755,0.7163956753361984,58.12903225806452,0.03225806451612903,0.0,686.0,3210.9140970844974,-2.824698588809254,211.0,0.038767884824424774
Luxembourg,647601,,60769.20820072853,154.4160679183633,0.0,67.78886500980508,0.21161537748486647,0.021358694932478755,0.25410248461409457,33.95238095238095,0.0,0.0,693.0,2843.263058580824,-1.103647832943608,874.0,0.08191780474528229
Madagascar,29611718,,231.5536032053257,4.822415234401462,0.0,67.78886500980508,0.21161537748486647,0.021358694932478755,2.0826345034783493,0.14285714285714285,0.047619047619047616,0.0,392.0,13.98770581294878,-0.09338360581775737,209.0,0.012535793174884182
Malawi,20405318,,436.98412345252353,13.163235191923988,0.0,67.78886500980508,0.21161537748486647,0.021358694932478755,3.0122914049883365,0.0,0.0,0.0,294.0,32.61894766844604,-0.1660234476623992,209.0,0.026436261945513597
Malaysia,33938216,,15644.340291781982,110.05587329634534,0.0,81.18029539325225,0.18006577337804414,0.004910884728492113,0.7034868281033109,147.09677419354838,0.0,0.0,770.0,598.0603105360635,-7.850192021095267,197.0,0.04911566911750757
Maldives,523798,,35642.36595023272,60.32859995647178,0.0,67.78886500980508,0.21161537748486647,0.021358694932478755,0.16926092964958703,0.0,0.0,0.0,693.0,3563.3965765428657,-0.32265225834325195,115.0,0.10521775827549318
Mali,22593598,,146.79379530431586,3.2885421790721425,0.0,67.78886500980508,0.21161537748486647,0.021358694932478755,2.240246035096183,0.0,0.0,0.0,651.0,16.903018279779964,-0.043992063063528694,209.0,0.021651937787390354
Malta,533293,,23025.991340595134,172.88807466064623,0.0,67.78886500980508,0.21161537748486647,0.021358694932478755,0.7508387895371185,20.333333333333332,0.2857142857142857,0.0,665.0,1522.2401194090303,-0.2973015531746318,142.0,0.08043349261744892
Marshall Islands,41593,,39182.073906666985,40.87226215949799,0.0,67.78886500980508,0.21161537748486647,0.021358694932478755,0.10431367736393202,2.142857142857143,0.0,0.0,658.0,21845.021998894044,-0.06525185069859601,209.0,0.07965035055223063
Martinique,367512,,62679.31387274429,300.3983543394501,0.0,67.78886500980508,0.21161537748486647,0.021358694932478755,0.4792623527266729,0.0,0.0,0.0,735.0,3723.960033958075,-0.5912378026662847,209.0,0.07965035055223063
Mauritania,4736146,,1348.6070741907029,21.05087132026758,0.0,67.78886500980508,0.21161537748486647,0.021358694932478755,1.560934368737475,0.14285714285714285,0.0,0.0,672.0,132.7661773940246,-0.048257751040840534,209.0,0.050233599117464355
Mauritius,1299478,,25253.755738842825,82.57161721860624,0.0,67.78886500980508,0.21161537748486647,0.021358694932478755,0.3269676719475145,0.0,0.0,0.0,700.0,1514.9929433203179,-0.7398394104984156,99.0,0.07301408299494119
Mayotte,326113,,12887.250738241039,57.342086945322635,0.0,67.78886500980508,0.21161537748486647,0.021358694932478755,0.44495205463154636,0.0,0.0,0.0,672.0,2786.150812755088,-0.03926832666801797,209.0,0.07965035055223063
Mexico,127504120,,5975.852388142438,262.38446255697465,0.0,67.78886500980508,0.21161537748486647,0.021358694932478755,4.390745378477052,103.04761904761905,0.9523809523809523,0.0,700.0,319.0602782090493,-11.252509051663985,309.0,0.16043811805447789
Micronesia (country),114178,,27820.595911646727,56.928655257580274,0.0,67.78886500980508,0.21161537748486647,0.021358694932478755,0.2046277349283803,0.0,0.0,0.0,168.0,5576.380738846363,0.015245456526369628,209.0,0.07965035055223063
Moldova,3272993,,19478.196256453957,374.1224011172648,0.0,67.78886500980508,0.21161537748486647,0.021358694932478755,1.9207240557158989,71.85714285714286,0.23809523809523808,0.0,693.0,954.6613756888573,-0.8112900215254614,209.0,0.058387547231136795
Monaco,36491,,47082.84234468773,183.60691677399905,0.0,67.78886500980508,0.21161537748486647,0.021358694932478755,0.3899656597404109,0.0,0.0,0.0,742.0,2600.6412540078372,-0.04306016024325884,133.0,0.07965035055223063
Mongolia,3398373,,29763.919381421638,62.85360671121151,0.0,67.78886500980508,0.21161537748486647,0.021358694932478755,0.21117382393679018,0.0,0.0,0.0,595.0,1583.022228578205,-1.8569441970297769,61.0,0.10408791928002634
Montenegro,627082,,40071.314437346315,423.23013577171724,0.0,67.78886500980508,0.21161537748486647,0.021358694932478755,1.0561922954473097,0.0,0.0,0.0,616.0,2722.2915025467164,-0.27046965131768613,209.0,0.08849674401369892
Montserrat,4413,,31792.431452526627,181.2825742125538,0.0,67.78886500980508,0.21161537748486647,0.021358694932478755,0.5702066999287242,0.0,0.0,0.0,784.0,6684.7949240879225,-0.00493341524499657,209.0,0.05322329091823438
Morocco,37457976,,3414.800094911695,43.52878009212244,0.0,67.78886500980508,0.21161537748486647,0.021358694932478755,1.274709467092482,0.0,0.0,0.0,525.0,172.9511493092953,-1.936597139044692,221.0,0.08844945044609041
Mozambique,32969520,,709.2702593183037,6.830551369871324,0.0,67.78886500980508,0.21161537748486647,0.021358694932478755,0.9630393041485099,0.09523809523809523,0.0,0.0,644.0,81.46918729784359,-0.24289068681067133,564.0,0.09238318571503555
Myanmar,54179312,,1186.5876037702362,35.98052334071721,0.0,67.78886500980508,0.21161537748486647,0.021358694932478755,3.032268601693927,3.142857142857143,0.0,0.0,483.0,73.83630120663031,-1.4229155428290974,444.0,0.10431945263028043
Namibia,2567024,,6721.129214218488,160.02966859678756,0.0,67.78886500980508,0.21161537748486647,0.021358694932478755,2.380993780899886,0.3333333333333333,0.0,0.0,469.0,466.181851046192,-0.2948415809970064,209.0,0.03213123247546512
Nauru,12691,,42494.681270191475,7.87959971633441,0.0,67.78886500980508,0.21161537748486647,0.021358694932478755,0.018542555164101613,0.0,0.0,0.0,84.0,16192.577417067214,-0.0246249689753558,21.0,0.07965035055223063
Nepal,30547586,,3284.8749488748476,39.38445414311953,0.0,67.78886500980508,0.21161537748486647,0.021358694932478755,1.1989635756639594,0.0,0.0,0.0,476.0,197.57043977222946,-1.8370198083029379,276.0,0.13890271970463552
Netherlands,17564020,,49191.517659396886,130.86981226393502,0.0,67.78886500980508,0.21161537748486647,0.021358694932478755,0.2660414203320182,62.904761904761905,0.0,0.0,707.0,3565.8237692737766,-20.935904788896288,196.0,0.05537413050750488
New Caledonia,289959,,27646.3224110995,108.29117220020761,0.0,67.78886500980508,0.21161537748486647,0.021358694932478755,0.3917019073637464,0.0,0.0,0.0,693.0,3194.589579906125,-0.2603616147028171,251.0,0.07877719806730213
New Zealand,5185289,,50894.90672554606,82.61834586268962,0.0,67.78886500980508,0.21161537748486647,0.021358694932478755,0.16233126491067992,216.5,2.4285714285714284,0.0,735.0,2715.1234964917094,-9.478380137572383,235.0,0.11743819165385558
Nicaragua,6948395,,232.93148993400632,3.5259941324579276,0.0,67.78886500980508,0.21161537748486647,0.021358694932478755,1.513747296879827,0.47619047619047616,0.0,0.0,70.0,8.721438548038792,-0.01771858940084011,201.0,0.14056829616077735
Niger,26207982,,36.317180010273205,1.2019239024202626,0.0,67.78886500980508,0.21161537748486647,0.021358694932478755,3.3095188064719476,0.0,0.0,0.0,658.0,1.9955752411612617,-0.008291697864384698,209.0,0.030735140302634953
Nigeria,218541216,,122.25977547411469,1.4436636062279438,0.0,67.78886500980508,0.21161537748486647,0.021358694932478755,1.1808165037351976,0.0,0.0,0.0,665.0,5.733929841408039,-0.1609359232883855,209.0,0.045670663724989034
Niue,1952,,55020.491803278695,0.0,0.0,67.78886500980508,0.21161537748486647,0.021358694932478755,0.0,0.0,0.0,0.0,301.0,7940.573770491803,-0.0021817097361894245,27.0,0.07965035055223063
North Korea,26069416,,0.0,0.0,0.0,67.78886500980508,0.21161537748486647,0.021358694932478755,0.8372726045896857,0.0,0.0,0.0,679.0,0.0,0.0,209.0,0.07965035055223063
North Macedonia,2093606,,16761.70205855352,476.59397231379734,0.0,67.78886500980508,0.21161537748486647,0.021358694932478755,2.843350697017018,12.142857142857142,0.047619047619047616,0.0,700.0,567.4897760132518,-0.4203978134471898,209.0,0.06904045939113847
Northern Mariana Islands,49574,,30080.284019849114,82.7046435631581,0.0,67.78886500980508,0.21161537748486647,0.021358694932478755,0.2749463519313305,6.333333333333333,0.0,0.0,679.0,2880.5422197119456,-0.032353988428710234,209.0,0.07965035055223063
Norway,5434324,,27835.05363316578,105.47770063028999,0.0,67.78886500980508,0.21161537748486647,0.021358694932478755,0.378938377559338,99.33333333333333,0.0,0.0,721.0,2609.045761717557,-2.8477778126180144,231.0,0.12951712918292901
Oman,4576300,,8728.64541223259,101.12973362760309,0.0,67.78886500980508,0.21161537748486647,0.021358694932478755,1.1585959659430867,0.0,0.0,0.0,707.0,326.90164543408434,-0.32162120447216785,267.0,0.14402648571580393
Pakistan,235824864,,670.2562966388481,12.99947744271783,0.0,67.78886500980508,0.21161537748486647,0.021358694932478755,1.9394786006348097,0.0,0.0,0.0,700.0,21.199630586874843,-1.0139427305528925,334.0,0.08418019440453414
Palau,18084,,35235.567352355676,55.29750055297501,0.0,67.78886500980508,0.21161537748486647,0.021358694932478755,0.15693659761456372,0.0,0.0,0.0,168.0,5690.112806901127,-0.018502884051568445,209.0,0.07965035055223063
Palestine,5250076,,13394.625144474097,108.7222356400174,0.0,67.78886500980508,0.21161537748486647,0.021358694932478755,0.8116855415313383,0.0,0.0,0.0,700.0,1105.6220900421251,-0.7909474671427041,209.0,0.0822100358206381
Panama,4408582,,23699.70661768342,198.43115087799205,0.0,67.78886500980508,0.21161537748486647,0.021358694932478755,0.8372726045896857,4.285714285714286,0.7142857142857143,0.0,679.0,1547.3002430259887,-2.0806054622956034,213.0,0.12190703644045749
Papua New Guinea,10142625,,462.0500117080145,6.605784991557906,0.0,67.78886500980508,0.21161537748486647,0.021358694932478755,1.4296688289518606,0.0,0.0,0.0,581.0,29.952798215452113,-0.08583668675775864,209.0,0.004141782079763527
Paraguay,6780745,,10850.710357047788,293.1831236833121,0.0,67.78886500980508,0.21161537748486647,0.021358694932478755,2.701971705408972,0.0,0.0,0.0,686.0,541.0909863149255,-0.9164870077057357,437.0,0.09709404380058817
Peru,34049588,,13295.247507840624,648.9799524152833,0.0,67.78886500980508,0.21161537748486647,0.021358694932478755,4.881292747897769,0.0,0.0,0.0,686.0,959.5710820348252,-7.960071097535889,258.0,0.085002229597886
Philippines,115559008,,3582.9167034732595,57.86134820402751,0.0,67.78886500980508,0.21161537748486647,0.021358694932478755,1.6149230638808052,0.0,0.0,0.0,714.0,207.6367772212098,-4.36870074158914,301.0,0.12613400443736156
Pitcairn,47,,8510.63829787234,0.0,0.0,67.78886500980508,0.21161537748486647,0.021358694932478755,0.0,0.0,0.0,0.0,0.0,8510.63829787234,0.0,0.0,0.07965035055223063
Poland,39857144,,16736.771204680394,302.8967655083365,0.0,67.78886500980508,0.21161537748486647,0.021358694932478755,1.8097682151718257,241.71428571428572,0.38095238095238093,0.0,693.0,838.9512304243375,-8.686760084657664,285.0,0.04317742194101621
Portugal,10270857,,55147.38448797408,280.4926599601182,0.0,67.78886500980508,0.21161537748486647,0.021358694932478755,0.5086236864438873,201.66666666666666,8.19047619047619,0.0,707.0,3946.1750854870243,-15.939990685652798,203.0,0.07822904139612802
Puerto Rico,3252412,,38516.43026775205,182.57219565048953,0.0,67.78886500980508,0.21161537748486647,0.021358694932478755,0.47401120607832764,0.0,0.0,0.0,658.0,2231.1441477893945,-3.6860172335438417,209.0,0.07965035055223063
Qatar,2695131,,19090.87164965265,25.601723997831645,0.0,67.78886500980508,0.21161537748486647,0.021358694932478755,0.1341045315670406,0.0,0.0,0.0,686.0,1048.520461528586,-0.9005935508853818,59.0,0.10749666541472022
Reunion,974062,,50776.5419449686,94.55250281809577,0.0,67.78886500980508,0.21161537748486647,0.021358694932478755,0.18621296212052285,0.0,0.0,0.0,686.0,4816.325860160852,-1.8009634245822528,209.0,0.07965035055223063
Romania,19659270,,18015.007678311555,350.0892962963528,0.0,67.78886500980508,0.21161537748486647,0.021358694932478755,1.943320272451667,451.23809523809524,0.7619047619047619,0.0,707.0,1063.045575954753,-4.904562716919935,209.0,0.09144046213145544
Russia,144713312,,16770.211160670555,278.6115488808659,0.0,67.78886500980508,0.21161537748486647,0.021358694932478755,1.6613478877014074,921.7142857142857,2.5238095238095237,0.0,742.0,914.4915431138774,-38.4600365237943,383.0,0.08442932041690263
Rwanda,13776702,,967.3142381972115,10.655670711321186,0.0,67.78886500980508,0.21161537748486647,0.021358694932478755,1.10157281786529,0.0,0.0,0.0,497.0,73.02183062390404,-0.26991428643717824,264.0,0.1501569905398844
Saint Barthelemy,10994,,50090.958704748045,45.47935237402219,0.0,67.78886500980508,0.21161537748486647,0.021358694932478755,0.09079353550027239,0.0,0.0,0.0,679.0,4566.126978351828,-0.013273804752779082,209.0,0.07965035055223063
Saint Helena,5401,,40103.68450286984,0.0,0.0,67.78886500980508,0.21161537748486647,0.021358694932478755,0.0,0.0,0.0,0.0,42.0,24032.586558044808,-0.009299587000204697,41.0,0.07965035055223063
Saint Kitts and Nevis,47681,,13856.672469117679,96.47448669281265,0.0,67.78886500980508,0.21161537748486647,0.021358694932478755,0.6962312698652944,0.0,0.0,0.0,651.0,2124.535978691722,-0.014285949111482192,171.0,0.09269607820947023
Saint Lucia,179872,,16835.30510585305,227.93986835082728,0.0,67.78886500980508,0.21161537748486647,0.021358694932478755,1.3539396341060697,1.0476190476190477,0.0,0.0,672.0,1287.026329834549,-0.06977787420629258,209.0,0.05319697158029584
Saint Martin (French part),31816,,38735.22755846115,144.5813427206437,0.0,67.78886500980508,0.21161537748486647,0.021358694932478755,0.3732554365465758,0.0,0.0,0.0,679.0,7213.351772692984,-0.026313900889166426,209.0,0.07965035055223063
Saint Pierre and Miquelon,5885,,58215.802888700084,33.98470688190314,0.0,67.78886500980508,0.21161537748486647,0.021358694932478755,0.05837711617046118,0.0,0.0,0.0,714.0,9804.587935429057,-0.00967895858052243,209.0,0.07965035055223063
Saint Vincent and the Grenadines,103959,,9305.59162746852,119.27779220654296,0.0,67.78886500980508,0.21161537748486647,0.021358694932478755,1.281786231135001,0.0,0.0,0.0,665.0,731.0574361046182,-0.015567850619171944,209.0,0.0400396754600256
Samoa,222390,,7669.859256261523,13.939475695849634,0.0,67.78886500980508,0.21161537748486647,0.021358694932478755,0.18174356569150496,0.0,0.0,0.0,504.0,1390.3502855344216,-0.06979562024034847,175.0,0.1283583180019226
San Marino,33690,,75072.72187592757,373.99821905609974,0.0,67.78886500980508,0.21161537748486647,0.021358694932478755,0.498181243080816,0.0,0.0,0.0,679.0,3529.2371623627187,-0.06414305835873264,66.0,0.1333538956802594
Sao Tome and Principe,227393,,2977.664220094726,35.18138201263891,0.0,67.78886500980508,0.21161537748486647,0.021358694932478755,1.1815093782306896,0.0,0.0,0.0,637.0,365.8863729314447,-0.008739967896045957,209.0,0.07745242127299416
Saudi Arabia,36408824,,2311.1677542784682,26.49357749099504,0.0,67.78886500980508,0.21161537748486647,0.021358694932478755,1.1463286229201552,0.0,0.0,0.0,686.0,104.00226055090381,-1.039882462417674,90.0,0.20416280542598048
Senegal,17316452,,516.7629027008535,11.382239271647563,0.0,67.78886500980508,0.21161537748486647,0.021358694932478755,2.2026037883444154,2.142857142857143,0.0,0.0,504.0,35.79832635461352,-0.12490984186678207,209.0,0.01008224453980673
Serbia,6871547,,37596.628532119474,262.7792548024484,0.0,67.78886500980508,0.21161537748486647,0.021358694932478755,0.6989436687865545,0.0,0.0,0.0,693.0,1696.1537190970241,-4.071158627789928,209.0,0.09676485221226405
Seychelles,107135,,48430.48490222616,160.54510664115367,0.0,67.78886500980508,0.21161537748486647,0.021358694932478755,0.3314959719384805,0.0,0.0,0.0,672.0,3673.869417090587,-0.09114499228431434,79.0,0.0864554845483357
Sierra Leone,8605723,,92.71736959230503,1.4525217695247685,0.0,67.78886500980508,0.21161537748486647,0.021358694932478755,1.5666123574382753,0.0,0.0,0.0,448.0,7.018585190343681,-0.008104363341521719,750.0,0.0722912688329092
Singapore,5637022,,53328.77891908174,35.90548342724225,0.0,67.78886500980508,0.21161537748486647,0.021358694932478755,0.06732853096397225,0.0,0.0,0.0,763.0,2274.99555616423,-6.7180389461642225,205.0,0.1260223132836834
Sint Maarten (Dutch part),44192,,25006.788559015207,208.18247646632875,0.0,67.78886500980508,0.21161537748486647,0.021358694932478755,0.8325038458058095,0.0,0.0,0.0,665.0,4835.716871832005,-0.015559899134716004,98.0,0.04613009447759591
Slovakia,5643455,,33277.52236883257,376.13483229688194,0.0,67.78886500980508,0.21161537748486647,0.021358694932478755,1.1302969858392056,6.476190476190476,0.047619047619047616,0.0,707.0,2198.4050550593565,-4.046219350198892,209.0,0.08627721175576261
Slovenia,2119843,,63994.45619321809,475.6484324546676,0.0,67.78886500980508,0.21161537748486647,0.021358694932478755,0.7432650588021955,17.285714285714285,0.6666666666666666,0.0,693.0,4661.949021696419,-3.041918297369948,277.0,0.12948672984499351
Solomon Islands,724272,,3583.4603574347757,27.475865420725917,0.0,67.78886500980508,0.21161537748486647,0.021358694932478755,0.7667411574323804,0.0,0.0,0.0,1099.0,599.636600614134,0.0,209.0,0.06302622337456684
Somalia,17597508,,155.32881132942234,7.73404961657071,0.0,67.78886500980508,0.21161537748486647,0.021358694932478755,4.979146850076828,0.0,0.0,0.0,343.0,6.262250314078561,-0.056147637098269025,209.0,0.05028307525416559
South Africa,59893884,,6799.968090231049,171.29461832864268,0.0,67.78886500980508,0.21161537748486647,0.021358694932478755,2.519050325761491,0.2857142857142857,0.0,0.0,651.0,272.1262825433061,-4.000062709394135,209.0,0.053986729574272085
South Korea,51815808,,66720.70615978814,69.34949272623521,0.0,67.78886500980508,0.21161537748486647,0.021358694932478755,0.10393998612687255,0.0,0.0,0.0,791.0,5242.315240939599,-114.28359354083088,217.0,0.11326029009405884
South Sudan,10913172,,172.4796420325823,1.3469960887631935,0.0,67.78886500980508,0.21161537748486647,0.021358694932478755,0.7809594644849386,0.0,0.0,0.0,322.0,12.397861959840824,-0.023915996902235677,209.0,0.05159629714555142
Spain,47558632,,29396.009540392166,256.2142662135446,0.0,67.78886500980508,0.21161537748486647,0.021358694932478755,0.8715953975368267,0.0,0.0,0.0,728.0,2011.2142838759535,-28.565889962738368,181.0,0.1444245967100281
Sri Lanka,21832150,,3081.6845798512745,77.44083839658485,0.0,67.78886500980508,0.21161537748486647,0.021358694932478755,2.5129385045734383,0.3333333333333333,0.0,0.0,574.0,190.17366590097632,-1.0326835253560205,142.0,0.1838543113128397
Sudan,46874200,,136.5207299537912,10.764983722388862,0.0,67.78886500980508,0.21161537748486647,0.021358694932478755,7.885237447845858,0.0,0.0,0.0,672.0,7.944668922349607,-0.07126124581444317,209.0,0.03563416274991754
Suriname,618046,,13348.682784129338,227.4911576160998,0.0,67.78886500980508,0.21161537748486647,0.021358694932478755,1.7042217670088848,0.0,0.0,0.0,679.0,1058.335463703349,-0.07891931441227223,209.0,0.15140074364958864
Sweden,10549349,,26117.071299849875,259.72218759659955,0.0,67.78886500980508,0.21161537748486647,0.021358694932478755,0.9944537219151846,76.76190476190476,2.857142857142857,0.0,721.0,2664.031685746675,-2.9403356395726736,224.0,0.09437341875624271
Switzerland,8740471,,51002.606152460205,162.1194098121257,0.0,67.78886500980508,0.21161537748486647,0.021358694932478755,0.31786495248401253,72.0952380952381,0.0,0.0,700.0,2846.402670977342,-12.030596864900176,209.0,0.07965035055223063
Syria,22125242,,259.5361442826253,14.295888831408035,0.0,67.78886500980508,0.21161537748486647,0.021358694932478755,5.508245824843703,0.0,0.0,0.0,574.0,11.376146755818535,-0.0786099987858588,209.0,0.019650144810854992
Tajikistan,9952789,,178.70367793389372,1.2559293681399253,0.0,67.78886500980508,0.21161537748486647,0.021358694932478755,0.7027999550208028,0.0,0.0,0.0,21.0,14.227167882289073,-0.02865261069192858,343.0,0.09633931006295593
Tanzania,65497752,,66.0022652380497,1.2916473835621107,0.0,67.78886500980508,0.21161537748486647,0.021358694932478755,1.9569743233865373,0.0,0.0,0.0,504.0,31.462148502440204,-0.06084022253580555,209.0,0.09492515360821578
Thailand,71697024,,6693.694845688435,48.419025035125586,0.0,67.78886500980508,0.21161537748486647,0.021358694932478755,0.7233527394263186,121.66666666666667,0.2857142857142857,0.0,805.0,254.55728817977158,-7.065434067362395,234.0,0.17611622231268512
Togo,8848700,,446.7322883587419,3.2773175720727337,0.0,67.78886500980508,0.21161537748486647,0.021358694932478755,0.7336200354161396,0.0,0.0,0.0,665.0,35.85837467650615,-0.046219387409769726,209.0,0.02273695433735041
Tokelau,1893,,4226.096143687269,0.0,0.0,67.78886500980508,0.21161537748486647,0.021358694932478755,0.0,0.0,0.0,0.0,210.0,2060.2218700475437,0.0,0.0,0.07965035055223063
Tonga,106867,,15885.165673219984,11.228910702087642,0.0,67.78886500980508,0.21161537748486647,0.021358694932478755,0.0706880301602262,0.14285714285714285,0.0,0.0,147.0,2033.3685796363704,-0.07214628543754044,237.0,0.11789221699163158
Trinidad and Tobago,1531043,,12507.552041320852,286.7326391224806,0.0,67.78886500980508,0.21161537748486647,0.021358694932478755,2.2924760830513433,0.0,0.0,0.0,679.0,404.23423770592984,-0.43919577187182846,209.0,0.09852738982093863
Tunisia,12356116,,9334.332892310173,238.12499008588136,0.0,67.78886500980508,0.21161537748486647,0.021358694932478755,2.551065971538833,0.0,0.0,0.0,686.0,534.2698304224401,-1.7526533763153485,290.0,0.0887169299358102
Turkey,85341248,,19925.555810948532,118.83936827359263,0.0,67.78886500980508,0.21161537748486647,0.021358694932478755,0.5964168297292551,0.0,0.0,0.0,693.0,834.4042496308467,-28.53675389106807,222.0,0.10520638717135589
Turkmenistan,6430777,,0.0,0.0,0.0,67.78886500980508,0.21161537748486647,0.021358694932478755,0.8372726045896857,0.0,0.0,0.0,679.0,0.0,0.0,707.0,0.07965035055223063
Turks and Caicos Islands,45726,,14882.123955736342,87.47758386913353,0.0,67.78886500980508,0.21161537748486647,0.021358694932478755,0.5878030859662012,0.19047619047619047,0.0,0.0,658.0,2353.1470060796923,-0.00815685601535731,137.0,0.07965035055223063
Tuvalu,11335,,25963.828848698722,8.82223202470225,0.0,67.78886500980508,0.21161537748486647,0.021358694932478755,0.03397893306150187,0.0,0.0,0.0,175.0,9669.166299073666,-0.023135116898517667,67.0,0.07965035055223063
Uganda,47249588,,364.35026692719526,7.68683951275935,0.0,67.78886500980508,0.21161537748486647,0.021358694932478755,2.109738954656877,0.0,0.0,0.0,518.0,45.82685461722968,-0.19070774799299753,209.0,0.059222137332714975
Ukraine,39701744,,13935.853800276382,276.8644118001466,0.0,67.78886500980508,0.21161537748486647,0.021358694932478755,1.9867057718032013,15.714285714285714,0.0,0.0,693.0,611.9177031618561,-6.167024168913073,209.0,0.11527054928248154
United Arab Emirates,9441138,,11301.92144209734,24.880475213899,0.0,67.78886500980508,0.21161537748486647,0.021358694932478755,0.2201437635305474,0.0,0.0,0.0,364.0,278.4092341410538,-1.6671008710957331,176.0,0.13246343318848963
United Kingdom,67508936,,36994.55283964185,343.82411241083696,0.0,67.78886500980508,0.21161537748486647,0.021358694932478755,0.9293911833485093,598.5238095238095,0.0,0.0,707.0,1955.7884899859775,-49.21391494766268,176.0,0.1286753680458782
United States,338289856,,30576.39097519968,352.704930058559,0.0,67.78886500980508,0.21161537748486647,0.021358694932478755,1.1535204738343245,0.0,85.9047619047619,0.0,721.0,1670.4411615582112,-178.09466094182667,221.0,0.06677156935318257
United States Virgin Islands,99479,,25521.969460891243,132.6913217865077,0.0,67.78886500980508,0.21161537748486647,0.021358694932478755,0.5199101973295521,0.0,0.0,0.0,651.0,2109.9930638627247,-0.07075516127546087,209.0,0.07965035055223063
Uruguay,3422796,,30423.840626201505,224.4363964431418,0.0,67.78886500980508,0.21161537748486647,0.021358694932478755,0.7376990932888781,1.8571428571428572,0.0,0.0,679.0,2290.846430812704,-2.683979370458243,124.0,0.07910963202011191
Uzbekistan,34627648,,505.6104301395232,2.9340716412503673,0.0,67.78886500980508,0.21161537748486647,0.021358694932478755,0.5803028312609592,0.0,0.0,0.0,469.0,25.82040801616096,-0.1890950161372698,538.0,0.07244950010121436
Vanuatu,326744,,3678.414905859021,4.2846999485836,0.0,67.78886500980508,0.21161537748486647,0.021358694932478755,0.11648223645894001,0.0,0.0,0.0,497.0,486.92554415689347,-0.06852646874743255,209.0,0.09937448941069925
Vatican,808,,3217.8217821782177,0.0,0.0,67.78886500980508,0.21161537748486647,0.021358694932478755,0.0,0.0,0.0,0.0,224.0,1732.673267326733,0.0,209.0,0.07965035055223063
Venezuela,28301700,,1952.8685555991337,20.691336562821316,0.0,67.78886500980508,0.21161537748486647,0.021358694932478755,1.0595355485394296,0.0,0.0,0.0,693.0,48.29038538321019,-0.32306482068575726,245.0,0.07965035055223063
Vietnam,98186856,,11838.651804881094,44.003853224508994,0.0,67.78886500980508,0.21161537748486647,0.021358694932478755,0.3716964900206469,0.0,0.0,0.0,784.0,1879.477635988263,-25.449549637940923,216.0,0.20086968626843532
Wallis and Futuna,11596,,32424.974129010003,77.6129699896516,0.0,67.78886500980508,0.21161537748486647,0.021358694932478755,0.23936170212765956,0.0,0.0,0.0,721.0,22887.20248361504,0.0008578268693464024,195.0,0.06546247339851459
Yemen,33696612,,35.44866765833906,6.40717232937246,0.0,67.78886500980508,0.21161537748486647,0.021358694932478755,18.07450816241105,0.0,0.0,0.0,357.0,2.1604545881348547,-0.02142943792540385,209.0,0.0029658818006009155
Zambia,20017670,,1747.6659371445328,20.367005750419505,0.0,67.78886500980508,0.21161537748486647,0.021358694932478755,1.1653832301438936,4.428571428571429,0.38095238095238093,0.0,651.0,131.71862659340474,-0.45217884970545563,209.0,0.06534562608847744
Zimbabwe,16320539,,1632.2132498197518,35.17040705579638,0.0,67.78886500980508,0.21161537748486647,0.021358694932478755,2.154767893207601,0.047619047619047616,0.0,0.0,637.0,163.41984783713332,-0.38320584191953594,209.0,0.06130314037818066
