case_rate_per_100k,mortality_rate_per_100k,testing_rate_per_1k,vaccination_rate_pct,hospitalization_rate_per_100k,icu_rate_per_100k,case_fatality_rate_pct,recent_case_growth,recent_death_growth,case_to_test_ratio,days_to_peak,peak_case_rate_per_100k,recovery_speed,days_to_50pct_vax,vax_acceleration,location,population
-0.9726426183099866,-0.8028063185561312,0.0,-0.07713465877250728,-0.06470810695055468,-0.04559705962504208,1.3984105113106278,-0.22171990491946578,-0.09092443880841043,0.0,-0.8054362460593919,-0.6022599215002349,0.1912821131623998,-0.09126576712310822,-0.7108864073472595,Afghanistan,41128772
-0.42398787659141457,0.014008085012826786,0.0,-0.07713465877250728,-0.06470810695055468,-0.04559705962504208,-0.09832929595615766,-0.22171990491946578,-0.09092443880841043,0.0,0.336818793806655,-0.45269382722013546,0.18668543204899013,-0.09126576712310822,-0.4327770128682049,Albania,2842318
-0.970971587075149,-0.8341607343721205,0.0,-0.07713465877250728,-0.06470810695055468,-0.04559705962504208,0.8370086321680474,-0.2019363048984076,-0.09092443880841043,0.0,0.4592032623637315,-0.6013948093713138,0.19347960561440372,-0.09126576712310822,-0.11513546891676103,Algeria,44903228
-0.07748561770242904,-0.36687633393983643,0.0,-0.07713465877250728,-0.06470810695055468,-0.04559705962504208,-0.5292689724676328,-0.22171990491946578,-0.09092443880841043,0.0,-2.518818805858462,0.6293821028861674,0.19568481904631183,-0.09126576712310822,-0.11513546891676103,American Samoa,44295
1.9411239711433341,0.56400073818788,0.0,-0.07713465877250728,-0.06470810695055468,-0.04559705962504208,-0.5779514419628734,-0.22171990491946578,-0.09092443880841043,0.0,0.336818793806655,0.6621038937074109,0.1942634677526853,-0.5504378978091798,-0.14349701337895318,Andorra,79843
-0.9858449815599017,-0.9093212048401964,0.0,-0.07713465877250728,-0.06470810695055468,-0.04559705962504208,0.36930819638407886,-0.22171990491946578,-0.09092443880841043,0.0,0.09204985669250212,-0.6017669705104272,0.19372513591913282,-0.09126576712310822,-1.1278427407530478,Angola,35588996
0.20221621338172788,-0.37582945634679604,0.0,-0.07713465877250728,-0.06470810695055468,-0.04559705962504208,-0.593257601161616,-0.22171990491946578,-0.09092443880841043,0.0,0.2144343252495786,-0.12715548116895103,0.1962422878919808,-1.2532523835531673,-0.9225378873655576,Anguilla,15877
-0.525590597103602,0.2335534215896656,0.0,-0.07713465877250728,-0.06470810695055468,-0.04559705962504208,0.2412664206136169,-0.22171990491946578,-0.09092443880841043,0.0,0.3776136166590139,-0.4156983520573601,0.19613879517309235,-0.5972921968587791,1.5396528583484872,Antigua and Barbuda,93772
0.08512793014924058,1.2330906446347036,0.0,-0.07713465877250728,-0.06470810695055468,-0.04559705962504208,0.04177228965451561,-0.14011255483260088,-0.07405855468756688,0.0,0.336818793806655,-0.11636285037664947,-0.14141193566125765,0.6865155971002377,-0.2821960653980882,Argentina,45510324
-0.20492328506441207,1.4503225160442057,0.0,-0.07713465877250728,-0.06470810695055468,-0.04559705962504208,0.4584703779254728,-0.22171990491946578,-0.09092443880841043,0.0,0.4592032623637315,-0.3638807123006783,0.18957266895232938,-0.09126576712310822,-0.7569907337080822,Armenia,2780472
1.0314587359287308,1.1355607509940016,0.0,-0.07713465877250728,-0.06470810695055468,-0.04559705962504208,-0.36601180127808397,-0.22171990491946578,-0.09092443880841043,0.0,0.2144343252495786,0.9076475088390562,0.19424582322861775,-1.375073561082125,-1.0553951377259805,Aruba,106459
1.2158680257687067,-0.21744617444429967,0.0,-0.07713465877250728,-0.06470810695055468,-0.04559705962504208,-0.654184443530791,-0.22171990491946578,-0.09092443880841043,0.0,0.5407929080684492,0.04600773283685355,-0.8076629217960366,0.10552228888520822,3.3328947356265486,Australia,26177410
2.3276914897711447,0.9665870184104433,0.0,-0.07713465877250728,-0.06470810695055468,-0.04559705962504208,-0.552625484154745,-0.20688220490367215,-0.09092443880841043,0.0,0.7447670223302433,0.43165308319831175,-0.10411858404310481,-0.1474909259826272,-0.15651422703377826,Austria,8939617
-0.6059199591054231,-0.190464845769938,0.0,-0.07713465877250728,-0.06470810695055468,-0.04559705962504208,0.006497223850727563,-0.14576501198147462,-0.09092443880841043,0.0,0.5407929080684492,-0.47804944403175287,0.18502979714379386,-0.09126576712310822,0.3735692311722815,Azerbaijan,10358078
-0.5337774889256277,0.624378716459417,0.0,-0.07713465877250728,-0.06470810695055468,-0.04559705962504208,0.6060716059750556,-0.17402729772584344,-0.09092443880841043,0.0,0.2552291481019374,-0.38786764273158514,0.19571487535786514,-0.09126576712310822,-0.4991353089339741,Bahamas,409989
1.3139979691335486,-0.15714894245014374,0.0,-0.07713465877250728,-0.06470810695055468,-0.04559705962504208,-0.6492045155608585,-0.22171990491946578,-0.09092443880841043,0.0,0.49999808521609035,0.4077877655216285,0.16001152917368217,-1.2907358227928465,-0.22329854868157417,Bahrain,1472237
-0.9419998819301193,-0.8196477176403596,0.0,-0.07713465877250728,-0.06470810695055468,-0.04559705962504208,0.1348173674902402,-0.18073959059013103,-0.08249149674798865,0.0,0.4184084395113727,-0.5939088692002695,0.16383934291346,1.0613499894970309,0.06430152743058132,Bangladesh,171186368
0.885282204876259,0.6507669243531897,0.0,-0.07713465877250728,-0.06470810695055468,-0.04559705962504208,-0.4395138748785848,-0.1690813977205789,-0.09092443880841043,0.0,0.3776136166590139,-0.16785342877359422,0.18957535551114943,0.08678056926536856,-0.37750239145733694,Barbados,281646
-0.49064395059186255,-0.38289873155150217,0.0,-0.07713465877250728,-0.06470810695055468,-0.04559705962504208,-0.3300830806816159,-0.22171990491946578,-0.09092443880841043,0.0,0.5407929080684492,-0.4456763052668058,0.17060579891057884,1.3143632043648663,0.3984508363938548,Belarus,9534956
1.0444086258653043,1.2901324122825373,0.0,-0.07713465877250728,-0.06470810695055468,-0.04559705962504208,-0.3374023533634759,1.3196345038640476,-0.09092443880841043,0.0,0.581587730920808,0.23187410777654677,0.007745330725442503,-0.13812006617270736,-0.6745940007367405,Belgium,11655923
-0.1386578609162625,0.3404998950997961,0.0,-0.07713465877250728,-0.06470810695055468,-0.04559705962504208,-0.17081908245462382,-0.22101334777585654,-0.09092443880841043,0.0,0.2552291481019374,-0.24048640225450632,0.1935052888920424,0.339793784133204,0.06194642674388488,Belize,405285
-0.9903475384000059,-0.9414347753788481,0.0,-0.07713465877250728,-0.06470810695055468,-0.04559705962504208,-0.4168057007537122,-0.22171990491946578,-0.09092443880841043,0.0,-0.5198724860928802,-0.6012621185584707,0.19535036489874114,-0.09126576712310822,-0.8165400052926138,Benin,13352864
0.4362727232555285,1.0039518108541319,0.0,-0.07713465877250728,-0.06470810695055468,-0.04559705962504208,-0.22782668354705843,-0.22171990491946578,-0.09092443880841043,0.0,0.2552291481019374,0.0031449904500300504,0.19527593936837623,-1.0470934677349308,0.963283250172526,Bermuda,64207
-0.6086501898207806,-0.9303057117655266,0.0,-0.07713465877250728,-0.06470810695055468,-0.04559705962504208,-0.7696221340601588,-0.22171990491946578,-0.09092443880841043,0.0,0.8263566680349609,-0.2083967852961976,0.19296099726219956,-1.8717291310078759,0.46557704895859403,Bhutan,782457
-0.5155505829128711,0.4422790022421784,0.0,-0.07713465877250728,-0.06470810695055468,-0.04559705962504208,0.39809834081965645,-0.22101334777585654,-0.09092443880841043,0.0,0.336818793806655,-0.42171436498435994,0.15987675469531162,3.085455708439714,0.4696082772151841,Bolivia,12224114
1.1552104969582275,0.20208747847686429,0.0,-0.07713465877250728,-0.06470810695055468,-0.04559705962504208,-0.5697376309205969,-0.22171990491946578,-0.09092443880841043,0.0,0.17363950239721976,0.5130161773660465,0.19565434246702446,-0.6910007949579774,-0.11513546891676103,Bonaire Sint Eustatius and Saba,27052
-0.38994382997843885,2.9051938176823917,0.0,-0.07713465877250728,-0.06470810695055468,-0.04559705962504208,1.823718201298018,-0.21924695491683352,-0.07405855468756688,0.0,0.3776136166590139,-0.45518086586042716,0.18777287658153335,-0.09126576712310822,-0.11513546891676103,Bosnia and Herzegovina,3233530
-0.3855998493091346,-0.14072907177765626,0.0,-0.07713465877250728,-0.06470810695055468,-0.04559705962504208,-0.24577075199557336,-0.22171990491946578,-0.09092443880841043,0.0,0.4184084395113727,-0.14648375678846165,0.1935421316503894,0.9582705315879128,0.16935209652914532,Botswana,2630300
-0.14837707000646094,1.5296123540830766,0.0,-0.07713465877250728,-0.06470810695055468,-0.04559705962504208,0.41408492319425144,-0.22171990491946578,-0.09092443880841043,0.0,0.4592032623637315,-0.43695015967415696,-1.1454220980665926,0.36790636356296347,0.928662957891431,Brazil,215313504
0.1792290475750147,0.602969206848167,0.0,-0.07713465877250728,-0.06470810695055468,-0.04559705962504208,-0.24583808187219966,-0.22171990491946578,-0.09092443880841043,0.0,0.2144343252495786,0.3659988893495393,0.1962268733149668,-0.6066630566686989,-0.13403085764521916,British Virgin Islands,31332
2.7877280684093164,-0.6474864709497958,0.0,-0.07713465877250728,-0.06470810695055468,-0.04559705962504208,-0.7580419112758575,0.15028243119078857,-0.08249149674798865,0.0,0.581587730920808,1.3017166877915367,0.17744208931505234,-0.40987500066038246,2.4326527211768,Brunei,449002
-0.04131193099454183,3.389665731340508,0.0,-0.07713465877250728,-0.06470810695055468,-0.04559705962504208,1.0825523635448286,-0.0560322547431037,-0.09092443880841043,0.0,0.4184084395113727,-0.34470314882250985,0.15550919865679455,-0.09126576712310822,-1.4143108063887913,Bulgaria,6781955
-0.9958420027411891,-0.937301207002304,0.0,-0.07713465877250728,-0.06470810695055468,-0.04559705962504208,0.3722621839681931,-0.22171990491946578,-0.09092443880841043,0.0,0.2552291481019374,-0.6084236106716261,0.19620573649385184,-0.09126576712310822,-1.193332331513929,Burkina Faso,22673764
-0.9799087850530944,-0.949834684834364,0.0,-0.07713465877250728,-0.06470810695055468,-0.04559705962504208,-0.7734898374669102,-0.22171990491946578,-0.09092443880841043,0.0,0.09204985669250212,-0.5995001302761237,0.19440156560050464,-0.09126576712310822,-1.8813830451468387,Burundi,12889583
-0.9599742853931262,-0.8120927326187672,0.0,-0.07713465877250728,-0.06470810695055468,-0.04559705962504208,0.621313683852586,-0.2167740049142012,-0.09092443880841043,0.0,-0.560667308945239,-0.5993896663928789,0.18975499909317137,-0.3067955427512643,1.1793769119219881,Cambodia,16767851
-0.9786702340837785,-0.8969314176338352,0.0,-0.07713465877250728,-0.06470810695055468,-0.04559705962504208,0.2237252983487409,-0.21995351206044272,-0.09092443880841043,0.0,-1.4173585888447742,-0.6019215665797909,0.19154957634810774,-0.09126576712310822,-1.5588850615987235,Cameroon,27914542
-0.3875891240515785,0.14275996582205125,0.0,-0.07713465877250728,-0.06470810695055468,-0.04559705962504208,-0.052489687955261634,0.07220786682196975,-0.023460902325036226,0.0,0.5407929080684492,-0.38781327971687257,-0.02597752885496449,-0.09126576712310822,0.9471624020859212,Canada,38454328
-0.46890714355446744,-0.4159893150392176,0.0,-0.07713465877250728,-0.06470810695055468,-0.04559705962504208,-0.37470670677817214,-0.22171990491946578,-0.09092443880841043,0.0,0.2144343252495786,-0.24724268023266854,0.19492206725897696,0.6677738774803981,1.1052320061383656,Cape Verde,593162
1.2396141467007862,-0.5411969574005964,0.0,-0.07713465877250728,-0.06470810695055468,-0.04559705962504208,-0.715485673833375,-0.22171990491946578,-0.09092443880841043,0.0,0.4184084395113727,0.30112564502002515,0.1945395461111046,-1.0189808883051714,0.11114757864413614,Cayman Islands,68722
-0.9870798353810466,-0.9353141018674779,0.0,-0.07713465877250728,-0.06470810695055468,-0.04559705962504208,-0.31994230573839927,-0.22171990491946578,-0.09092443880841043,0.0,-1.2949741202876979,-0.6045813434784231,0.19602029923084763,-0.09126576712310822,-0.3751986000611626,Central African Republic,5579148
-0.9984925795386493,-0.9423939907813543,0.0,-0.07713465877250728,-0.06470810695055468,-0.04559705962504208,0.83078750723529,-0.22171990491946578,-0.09092443880841043,0.0,0.010460210987784482,-0.6100230046820827,0.19622803928673935,-0.09126576712310822,-1.0203260381418955,Chad,17723312
0.3471336954773984,1.4832135647836646,0.0,-0.07713465877250728,-0.06470810695055468,-0.04559705962504208,-0.043300558752637205,-0.12986747625026715,-0.05719267056672333,0.0,0.5407929080684492,-0.2416358510504006,-0.08979319303010398,-0.5504378978091798,0.5411768188515769,Chile,19603736
-0.6597013615299571,-0.8854777865364376,0.0,-0.07713465877250728,-0.06470810695055468,-0.04559705962504208,-0.7119371708800736,1.960835111689415,0.17049676506466466,0.0,2.702918519243467,0.21813881142466118,-13.369757571236546,-2.0497754673963526,-1.05101960736097,China,1425887360
-0.3978604766092125,1.1420834722592166,0.0,-0.07713465877250728,-0.06470810695055468,-0.04559705962504208,0.6466957747859324,0.8374092533507549,-0.09092443880841043,0.0,0.3776136166590139,-0.4926669409880396,0.11554646528358671,0.4990984009018411,1.3047180048645306,Colombia,51874028
-0.9473680414538044,-0.8052813512304686,0.0,-0.07713465877250728,-0.06470810695055468,-0.04559705962504208,0.33989650869229143,-0.22171990491946578,-0.09092443880841043,0.0,-0.07112943471693316,-0.5680000475328768,0.1962148055328236,-0.09126576712310822,-0.11513546891676103,Comoros,836783
-0.9799491416629214,-0.9011615688032784,0.0,-0.07713465877250728,-0.06470810695055468,-0.04559705962504208,0.20176714140817026,-0.22171990491946578,-0.09092443880841043,0.0,0.2144343252495786,-0.6051931472016304,0.19597837503854096,-0.09126576712310822,-0.11513546891676103,Congo,5970430
1.108935867791778,-0.8614023425402444,0.0,-0.07713465877250728,-0.06470810695055468,-0.04559705962504208,-0.7736564423530246,-0.22136662634766116,-0.09092443880841043,0.0,-3.2531256172009213,1.1708529508474683,0.19615114817480636,-1.8529874113880362,-0.11513546891676103,Cook Islands,17032
0.165188195770967,0.4252365917849064,0.0,-0.07713465877250728,-0.06470810695055468,-0.04559705962504208,-0.3024062964596381,-0.13234042625289943,-0.09092443880841043,0.0,0.4592032623637315,-0.38835586009948125,0.14486426296193172,0.6677738774803981,0.9244106925155207,Costa Rica,5180836
-0.9852565618416036,-0.9281661597442978,0.0,-0.07713465877250728,-0.06470810695055468,-0.04559705962504208,-0.18317604262279652,-0.22136662634766116,-0.09092443880841043,0.0,0.2144343252495786,-0.6027404772965645,0.19452660771269273,-0.09126576712310822,0.06751843211648098,Cote d'Ivoire,28160548
0.5980333284020717,2.5882421346680635,0.0,-0.07713465877250728,-0.06470810695055468,-0.04559705962504208,0.1255809095871354,-0.22171990491946578,-0.09092443880841043,0.0,0.4592032623637315,-0.17951972346500444,0.15869325243726,1.1550585875962291,-0.5246991839476578,Croatia,4030361
-0.5147404345050675,-0.3720504425514966,0.0,-0.07713465877250728,-0.06470810695055468,-0.04559705962504208,-0.29796864427380193,-0.22171990491946578,-0.09092443880841043,0.0,-0.560667308945239,-0.442402654400361,0.14344465947499546,-0.8409345519166946,-0.2428471362016003,Cuba,11212198
0.17344027959420463,0.2627962277643963,0.0,-0.07713465877250728,-0.06470810695055468,-0.04559705962504208,-0.36314030183229695,-0.22171990491946578,-0.09092443880841043,0.0,0.2960239709542962,0.2967238024909474,0.1946661586202414,0.33042292432328413,-0.7415671392477099,Curacao,191173
2.8014344100422774,0.2810462870613882,0.0,-0.07713465877250728,-0.06470810695055468,-0.04559705962504208,-0.6570225280845627,0.47176593153298363,-0.09092443880841043,0.0,0.7039721994778845,0.42846455538122524,0.1683271318163094,-0.2974246829413445,1.3493314417694586,Cyprus,896007
1.2191410211816835,2.202909919055433,0.0,-1.2620558364013468,-0.06470810695055468,-0.04559705962504208,-0.20282961134013558,0.12031466268598372,-0.08481782559224293,0.0,0.4592032623637315,0.18665205445637442,0.053509535902105554,0.058667989835609065,-1.0094865894837297,Czechia,10493990
-0.9956278770088052,-0.9393961149092768,0.0,-0.07713465877250728,-0.06470810695055468,-0.04559705962504208,0.14849848825642675,-0.1948707334623154,-0.0656256126271451,0.0,0.13284467954486096,-0.608969661066979,0.193653870568353,-0.09126576712310822,-1.4953178610129092,Democratic Republic of Congo,99010216
1.8565312412902066,0.30267042458872695,0.0,-0.07713465877250728,-0.06470810695055468,-0.04559705962504208,-0.6095167585024344,-0.22171990491946578,-0.09092443880841043,0.0,0.5407929080684492,0.9906563311226083,0.04461485481717168,-0.1474909259826272,-0.31844622498704167,Denmark,5882259
-0.9321421904131767,-0.8224613462351369,0.0,-0.07713465877250728,-0.06470810695055468,-0.04559705962504208,-0.015505173196048489,-0.22171990491946578,-0.09092443880841043,0.0,-1.4173585888447742,-0.5781695888009636,0.19596739207412592,-0.09126576712310822,-0.7979824748509581,Djibouti,1120851
0.07827280720851569,-0.1771078142970223,0.0,-0.07713465877250728,-0.06470810695055468,-0.04559705962504208,-0.49423970641574044,-0.22171990491946578,-0.09092443880841043,0.0,0.336818793806655,-0.2223917918355691,0.19574177767261428,-0.09126576712310822,-0.4705137650475617,Dominica,72758
-0.7126137225258278,-0.6537525457143671,0.0,-0.07713465877250728,-0.06470810695055468,-0.04559705962504208,-0.36417062771401587,-0.22171990491946578,-0.09092443880841043,0.0,0.336818793806655,-0.4980831801171288,0.17706884688232036,0.2741977654637652,-0.8629494185218547,Dominican Republic,11228821
-0.9150590725246738,-0.8724623343728033,0.0,-0.07713465877250728,-0.06470810695055468,-0.04559705962504208,-0.41240117249800595,-0.22171990491946578,-0.09092443880841043,0.0,-0.560667308945239,-0.563400747787073,0.1960892594403694,1.4268135220839042,-0.21092765029358782,East Timor,1341298
-0.7078238412997044,0.5725640069133798,0.0,-0.07713465877250728,-0.06470810695055468,-0.04559705962504208,1.3633611581099243,-0.05214619045325297,-0.09092443880841043,0.0,0.3776136166590139,-0.510851663023816,0.15255267381490398,-0.016298888643749572,1.703222412868345,Ecuador,18001002
-0.9778752980934586,-0.7805570035470625,0.0,-0.07713465877250728,-0.06470810695055468,-0.04559705962504208,2.3073303218380783,-0.22171990491946578,-0.09092443880841043,0.0,0.581587730920808,-0.6068282009299226,0.18475956367330051,-0.09126576712310822,-0.4219673563340835,Egypt,110990096
-0.8447342980526226,-0.4429457884058561,0.0,-0.07713465877250728,-0.06470810695055468,-0.04559705962504208,0.5577965166987515,-0.21748056205781044,-0.09092443880841043,0.0,0.4592032623637315,-0.5525669531444152,0.1899672869405179,-0.5879213370488592,2.2359410659694774,El Salvador,6336393
-0.950588570456102,-0.8676142468308764,0.0,-0.07713465877250728,-0.06470810695055468,-0.04559705962504208,-0.10326654136721203,-0.22171990491946578,-0.09092443880841043,0.0,0.2552291481019374,-0.5907581789742786,0.1961904416762878,-0.09126576712310822,-1.2513521511301915,Equatorial Guinea,1674916
-0.9870891977486476,-0.9294538892908752,0.0,-0.07713465877250728,-0.06470810695055468,-0.04559705962504208,-0.1402334016704288,-0.22171990491946578,-0.09092443880841043,0.0,0.2552291481019374,-0.6064621488666182,0.1962882378933914,-0.09126576712310822,-0.11513546891676103,Eritrea,3684041
1.2513645753997058,0.7689274980741504,0.0,-1.6332400665060636,-0.06470810695055468,-0.04559705962504208,-0.47495310572136334,-0.22171990491946578,-0.09092443880841043,0.0,0.49999808521609035,0.446981875891669,0.16590438594447998,0.33042292432328413,-1.0560865100183388,Estonia,1326064
-0.6938620406763807,-0.04747105549204627,0.0,-0.07713465877250728,-0.06470810695055468,-0.04559705962504208,0.42822826026210453,-0.22171990491946578,-0.09092443880841043,0.0,0.13284467954486096,-0.4277291935988723,0.1947229452560652,-0.09126576712310822,-0.890060038521742,Eswatini,1201680
-0.9807471404791788,-0.904026715066314,0.0,-0.07713465877250728,-0.06470810695055468,-0.04559705962504208,0.1819309180980829,-0.2188936763450289,-0.09092443880841043,0.0,0.2144343252495786,-0.6042367534599479,0.18748641696500004,-0.09126576712310822,-0.11513546891676103,Ethiopia,123379928
1.4742149763782277,-0.9507198506685347,0.0,-0.07713465877250728,-0.06470810695055468,-0.04559705962504208,-0.7911906024887428,-0.22171990491946578,-0.09092443880841043,0.0,0.8671514908873197,5.029544487709457,0.1963072185537492,-0.09126576712310822,-0.11513546891676103,Falkland Islands,3801
2.1911730572614214,-0.549763825701489,0.0,-0.07713465877250728,-0.06470810695055468,-0.04559705962504208,-0.7391668940590611,-0.22171990491946578,-0.09092443880841043,0.0,0.4592032623637315,2.123685128785224,0.19487218688453364,-0.43798758009014194,3.5984431810951825,Faroe Islands,53117
-0.6373443977945257,-0.22671669417465234,0.0,-0.07713465877250728,-0.06470810695055468,-0.04559705962504208,0.03417284186229862,-0.22171990491946578,-0.09092443880841043,0.0,-0.7238466003546743,-0.3824867007169552,0.19309125141972416,-0.7378550940075765,-0.2277274004026487,Fiji,929769
0.3234312035811241,0.6233210937283806,0.0,-0.07713465877250728,-0.06470810695055468,-0.04559705962504208,-0.298866787831966,-0.22171990491946578,-0.09092443880841043,0.0,0.4592032623637315,-0.2870665623679876,0.07791260045936405,0.04929713002568924,0.041511595798111915,Finland,5540745
1.8125015271222622,0.9346812406838091,0.0,-0.07713465877250728,-0.06470810695055468,-0.04559705962504208,-0.5136320726188102,-0.22171990491946578,-0.09092443880841043,0.0,0.6223825537731668,0.43010005218118846,-2.317119685889992,0.030555410405849578,0.006939222238229715,France,67813000
0.5740460118348555,0.08070604561103141,0.0,-0.07713465877250728,-0.06470810695055468,-0.04559705962504208,-0.5199285194862272,-0.22171990491946578,-0.09092443880841043,0.0,0.336818793806655,0.47223603383809215,0.193032393431717,-0.09126576712310822,-0.11513546891676103,French Guiana,304568
0.2672620033793129,0.6634526856475892,0.0,-0.07713465877250728,-0.06470810695055468,-0.04559705962504208,-0.2639477036013127,-0.2026428620420168,-0.09092443880841043,0.0,-0.560667308945239,0.15591755631657264,0.19326125935701247,0.55532355976136,0.5614837632499348,French Polynesia,306292
-0.9001806719315573,-0.852974744642575,0.0,-0.07713465877250728,-0.06470810695055468,-0.04559705962504208,-0.3881606876813677,-0.22171990491946578,-0.09092443880841043,0.0,0.2144343252495786,-0.5752056162194152,0.1955206852791482,-0.09126576712310822,-1.360662799052188,Gabon,2388997
-0.9777919668236227,-0.8461544030198754,0.0,-0.07713465877250728,-0.06470810695055468,-0.04559705962504208,1.1059063764147337,-0.22171990491946578,-0.09092443880841043,0.0,-0.7238466003546743,-0.6006103072628366,0.19610544503422403,-0.09126576712310822,-1.3185507308813595,Gambia,2705995
1.4340524185228556,2.533101516961109,0.0,-0.07713465877250728,-0.06470810695055468,-0.04559705962504208,-0.1986000818404366,-0.18073959059013103,-0.09092443880841043,0.0,0.49999808521609035,0.5734000306371728,0.13068847685041912,-0.09126576712310822,0.44514446297443816,Georgia,3744385
1.2547298318582112,0.6457076964840979,0.0,-0.07713465877250728,-0.06470810695055468,-0.04559705962504208,-0.49805087643503265,-0.22171990491946578,-0.09092443880841043,0.0,1.1119204280014727,-0.05432172003314385,-2.0597812725648432,-0.25057038389174535,0.17451154636636051,Germany,83369840
-0.9754753517515192,-0.9175007591658971,0.0,-0.07713465877250728,-0.06470810695055468,-0.04559705962504208,-0.24403710590089808,-0.21995351206044272,-0.09092443880841043,0.0,0.17363950239721976,-0.6046696596839061,0.1929227794955844,-0.09126576712310822,-0.6676381879270007,Ghana,33475870
2.0757206429434145,1.6795997200362056,0.0,-0.07713465877250728,-0.06470810695055468,-0.04559705962504208,-0.4371008238939956,-0.22171990491946578,-0.09092443880841043,0.0,0.4184084395113727,0.32757272722158043,0.1954577668711668,-1.6843119348094793,2.6242287399395785,Gibraltar,32677
1.6719211062072596,1.9246591169010638,0.0,-0.07713465877250728,-0.06470810695055468,-0.04559705962504208,-0.34562666873251313,5.909076430177736,0.9969250869859988,0.0,0.336818793806655,0.06774972103630915,-0.15842336920829833,-0.19434522503222634,-0.9412357042513465,Greece,10384972
0.035937335528998894,-0.66797857046832,0.0,-0.07713465877250728,-0.06470810695055468,-0.04559705962504208,-0.6782277535148116,-0.22171990491946578,-0.09092443880841043,0.0,0.2552291481019374,0.9644039211212023,0.19580398492918666,-0.5223253183794204,3.412692633763943,Greenland,56494
-0.2327715347099588,0.49221720458046175,0.0,-0.07713465877250728,-0.06470810695055468,-0.04559705962504208,-0.012953648371786957,-0.22171990491946578,-0.09092443880841043,0.0,0.2144343252495786,-0.1765620029713428,0.19520420279016115,-0.09126576712310822,-0.6446530751882065,Grenada,125459
1.5114355338863292,1.0115733586445153,0.0,-0.07713465877250728,-0.06470810695055468,-0.04559705962504208,-0.46769080489732306,-0.22171990491946578,-0.09092443880841043,0.0,0.336818793806655,0.6502581626906404,0.18319446098371553,-0.09126576712310822,-0.11513546891676103,Guadeloupe,395762
0.4883246722404578,0.9045457447244786,0.0,-0.07713465877250728,-0.06470810695055468,-0.04559705962504208,-0.2751699645053017,-0.22171990491946578,-0.09092443880841043,0.0,0.4184084395113727,0.3927222876675428,0.19451061583708906,-0.09126576712310822,-0.11513546891676103,Guam,171783
-0.6578400854618301,-0.08953180369900932,0.0,-0.07713465877250728,-0.06470810695055468,-0.04559705962504208,0.24926545831040034,-0.22030679063224734,-0.09092443880841043,0.0,1.3566893651156255,-0.5484102598343982,0.14788196911239873,-0.09126576712310822,-0.18884881132192943,Guatemala,17843914
1.728085325172601,-0.1460005396455459,0.0,-0.07713465877250728,-0.06470810695055468,-0.04559705962504208,-0.6690592655812386,-0.22171990491946578,-0.09092443880841043,0.0,0.7447670223302433,0.7431755787775983,0.19463954246056914,1.2487671856954274,-0.11513546891676103,Guernsey,63329
-0.9870041285547221,-0.9250351048096055,0.0,-0.07713465877250728,-0.06470810695055468,-0.04559705962504208,-0.009885846446457631,-0.22171990491946578,-0.09092443880841043,0.0,0.2552291481019374,-0.6071990030876274,0.1960428080298456,-0.09126576712310822,-0.8587694665254374,Guinea,13859349
-0.9782828196195498,-0.886779683036798,0.0,-0.07713465877250728,-0.06470810695055468,-0.04559705962504208,0.39434860579306186,-0.22171990491946578,-0.09092443880841043,0.0,0.2552291481019374,-0.6050401299802118,0.19627889105072724,-0.09126576712310822,-1.0333349855357217,Guinea-Bissau,2105580
-0.5503344295643852,0.2738435987836506,0.0,-0.07713465877250728,-0.06470810695055468,-0.04559705962504208,0.33505702904343204,-0.20582236918825833,-0.09092443880841043,0.0,0.336818793806655,-0.3736390722456008,0.19453243565882816,-0.09126576712310822,0.263843525699973,Guyana,808727
-0.9860693796115902,-0.8942554722536437,0.0,-0.07713465877250728,-0.06470810695055468,-0.04559705962504208,0.8160480399725333,-0.22171990491946578,-0.09092443880841043,0.0,-3.1715359714962035,-0.6076266985371681,0.1956047474659576,-0.09126576712310822,-1.7990393615752691,Haiti,11585003
-0.7788871405987212,-0.14043196292609023,0.0,-0.07713465877250728,-0.06470810695055468,-0.04559705962504208,0.7222017147139791,-0.2185403977732243,-0.09092443880841043,0.0,-0.560667308945239,-0.581341861871844,0.18599340468017792,1.8859856527699759,0.11178614079988237,Honduras,10432858
-1.0006183833350335,-0.9507198506685347,0.0,13.074813795699596,-0.06470810695055468,-0.04559705962504208,-0.2520355810017856,-0.22171990491946578,-0.09092443880841043,0.0,0.336818793806655,-0.6110052605242198,0.1964556919761679,-0.22245780446198585,-0.10307536455357318,Hong Kong,7488863
0.09421360600828292,2.7926274316521593,0.0,-0.07713465877250728,-0.06470810695055468,-0.04559705962504208,0.6247717628452425,-0.13269370482470405,-0.07405855468756688,0.0,0.4592032623637315,-0.29307838478277887,0.13151436006614417,-0.4848418791397411,0.671356035913229,Hungary,9967304
1.7590743764772632,-0.5713268469785221,0.0,-0.07713465877250728,-0.06470810695055468,-0.04559705962504208,-0.7342571326858817,-0.1803863120183264,-0.09092443880841043,0.0,0.8263566680349609,0.9273932466973959,0.1884383297825894,-0.54106703799926,3.5577763905395168,Iceland,372903
-0.845144703789709,-0.6643126815389426,0.0,-0.4271071241839042,-0.06470810695055468,-0.04559705962504208,-0.02829330463096467,0.03307921948967983,-0.08481782559224293,0.0,-0.9278207146164684,-0.5545524521924574,-1.322874004641223,1.2487671856954274,-0.6634014938203147,India,1417173120
-0.8793567784886093,-0.503293370165491,0.0,-0.07713465877250728,-0.06470810695055468,-0.04559705962504208,0.7368589608663489,-0.18851171916983242,-0.09092443880841043,0.0,0.5407929080684492,-0.5696852887457919,0.003588461311664721,1.558005559422782,1.0652205763399545,Indonesia,275501344
-0.5792362865027176,0.31057436076829714,0.0,-0.07713465877250728,-0.06470810695055468,-0.04559705962504208,0.44840318680236924,-0.22171990491946578,-0.09092443880841043,0.0,-0.47907766324052137,-0.5219508481703751,-0.07787905978407106,0.021184550595929746,0.08283492515808107,Iran,88550568
-0.7295647091846388,-0.5169532389357756,0.0,-0.07713465877250728,-0.06470810695055468,-0.04559705962504208,-0.12845562761603063,-0.22171990491946578,-0.09092443880841043,0.0,-0.6014621317975978,-0.5564556526350555,0.12695473428114143,-0.09126576712310822,-1.2140002460010717,Iraq,44496124
0.6988354183264465,0.5247726631306411,0.0,-0.07713465877250728,-0.06470810695055468,-0.04559705962504208,-0.4316344569012104,0.714115031790946,0.11989911270213398,0.0,0.336818793806655,0.24719187774207635,0.12269634662042898,-1.5156364582309223,-1.401078734296971,Ireland,5023108
1.1988014892934347,0.09303575429018429,0.0,-0.07713465877250728,-0.06470810695055468,-0.04559705962504208,-0.5946601994310358,-0.22171990491946578,-0.09092443880841043,0.0,1.234304896558549,0.30189774605994013,0.19612400016312126,-0.5785504772389394,2.5887872123713285,Isle of Man,84534
1.5058592687597983,0.07217132462992572,0.0,-0.07713465877250728,-0.06470810695055468,-0.04559705962504208,-0.6221836136699184,-0.22171990491946578,-0.09092443880841043,0.0,0.49999808521609035,0.9183496242467685,-0.12520969806534066,-1.1408020658341291,-0.9768148887658682,Israel,9449000
1.2184201748355916,1.5913471421644785,0.0,-0.07713465877250728,15.263211249388782,14.711708993845983,-0.3167725439348268,10.146741218616983,0.506760329723983,0.0,0.5407929080684492,0.016427432698737712,-1.5439448985919517,-0.1474909259826272,-0.3397997996866084,Italy,59037472
-0.7286739924446265,0.02071851319078782,0.0,-0.07713465877250728,-0.06470810695055468,-0.04559705962504208,0.6881705632273019,-0.19911007632397074,-0.08249149674798865,0.0,0.2960239709542962,-0.5160228353374784,0.1914609739966029,-0.09126576712310822,-1.2466201144271851,Jamaica,2827382
0.3334394819127948,-0.4923611340247741,0.0,-0.07713465877250728,-0.06470810695055468,-0.04559705962504208,-0.6489020713762977,-0.22171990491946578,-0.09092443880841043,0.0,1.8054324164915725,-0.25824204969267306,-3.4203862089747976,-0.4005041408504626,0.3129491985759677,Japan,123951696
1.9306101221270466,0.15456456189603232,0.0,-0.07713465877250728,-0.06470810695055468,-0.04559705962504208,-0.6350328898643439,-0.22171990491946578,-0.09092443880841043,0.0,0.2552291481019374,0.3209360861737719,0.19171873734919528,-0.9721265892555723,-0.6020571651171511,Jersey,110796
-0.24339943984946147,0.0010528025632429712,0.0,-0.07713465877250728,-0.06470810695055468,-0.04559705962504208,-0.2706545419483059,-0.22171990491946578,-0.09092443880841043,0.0,0.49999808521609035,-0.2575505474194033,0.15295833127474714,-0.09126576712310822,0.3219350962647268,Jordan,11285875
-0.6212489806090538,-0.20287487749482033,0.0,-0.07713465877250728,-0.06470810695055468,-0.04559705962504208,0.025181860065792663,-0.22171990491946578,-0.09092443880841043,0.0,0.336818793806655,-0.4645544876454987,0.16341137957110896,2.804329914142119,0.2509173216027396,Kazakhstan,19397998
-0.969462357971502,-0.8706270571809545,0.0,-0.07713465877250728,-0.06470810695055468,-0.04559705962504208,0.27341920212652493,-0.22136662634766116,-0.09092443880841043,0.0,0.17363950239721976,-0.6007206580887938,0.18900519479357897,-0.09126576712310822,-0.923720243442873,Kenya,54027484
-0.8110791105533036,-0.8116198287136555,0.0,-0.07713465877250728,-0.06470810695055468,-0.04559705962504208,-0.4872651601362932,-0.22171990491946578,-0.09092443880841043,0.0,-1.5397430574018507,-0.27915314316471973,0.19640484038292763,1.6798267369517397,-0.11513546891676103,Kiribati,131237
-0.23596501449982754,-0.4927985801083142,0.0,-0.07713465877250728,-0.06470810695055468,-0.04559705962504208,-0.5431828368052276,-0.22171990491946578,-0.09092443880841043,0.0,0.4592032623637315,-0.3307746217764239,0.17867348415092837,0.6490321578605583,-1.107425971333661,Kuwait,4268886
-0.9349931377513923,-0.8332522757910363,0.0,-0.07713465877250728,-0.06470810695055468,-0.04559705962504208,-0.04990403573115781,-0.22171990491946578,-0.09092443880841043,0.0,-3.5794842000197917,-0.5664066657181804,0.19027043194750365,-0.09126576712310822,-1.4937584445275363,Kyrgyzstan,6630621
-0.8582994044211164,-0.8829354188445223,0.0,-0.07713465877250728,-0.06470810695055468,-0.04559705962504208,-0.593945508546246,-0.22171990491946578,-0.09092443880841043,0.0,0.6631773766255256,-0.5506154929605875,0.19098296761392178,0.5646944195712799,2.0789722689373544,Laos,7529477
1.5838653546281496,2.121541926342937,0.0,-0.07713465877250728,-0.06470810695055468,-0.04559705962504208,-0.298897803952562,-0.22171990491946578,-0.09092443880841043,0.0,0.49999808521609035,0.47041960850710185,0.1366423087121437,0.6771447372903179,1.8120474271071536,Latvia,1850654
0.10422448119579683,0.5660345941228866,0.0,-0.07713465877250728,-0.06470810695055468,-0.04559705962504208,-0.222660021638563,-0.22171990491946578,-0.09092443880841043,0.0,0.5407929080684492,-0.3034511541447542,0.1637817479850895,-0.09126576712310822,0.3449574921479686,Lebanon,5489744
-0.9239525027189223,-0.7168404597052318,0.0,-0.07713465877250728,-0.06470810695055468,-0.04559705962504208,0.47217455321393886,-0.22171990491946578,-0.09092443880841043,0.0,-0.1935139032740096,-0.5773852666266166,0.1957322706921118,-0.09126576712310822,-0.11513546891676103,Lesotho,2305826
-0.9933029257678326,-0.9085479337035918,0.0,-0.07713465877250728,-0.06470810695055468,-0.04559705962504208,1.5961859058261405,-0.22171990491946578,-0.09092443880841043,0.0,-0.8870258917641095,-0.6047146454845107,0.19623860236085935,2.19522402649733,1.1068057396624151,Liberia,5302690
-0.6363627312583781,-0.23200074498589596,0.0,-0.07713465877250728,-0.06470810695055468,-0.04559705962504208,0.025940910267927508,-0.22171990491946578,-0.09092443880841043,0.0,0.336818793806655,-0.49809666309713435,0.18730636351204116,-0.09126576712310822,-0.9033239097942457,Libya,6812344
1.6827298643961246,0.7694143897234436,0.0,-0.07713465877250728,-0.06470810695055468,-0.04559705962504208,-0.5257151496556943,-0.22030679063224734,-0.09092443880841043,0.0,0.7039721994778845,0.24178720678493484,0.19570822370037422,-0.09126576712310822,-0.11513546891676103,Liechtenstein,39355
1.4351654594906171,1.7625900836504158,0.0,0.27283780663889773,-0.06470810695055468,-0.04559705962504208,-0.32987331632441597,0.2095306665073101,-0.0852118006384473,0.0,0.3776136166590139,0.3268847938076555,0.13418564983248443,-0.07252404750326856,-1.0269718015274887,Lithuania,2750058
1.9720613655889836,0.2238118427978439,0.0,-0.07713465877250728,-0.06470810695055468,-0.04559705962504208,-0.627563332468198,0.03016771677722112,-0.09092443880841043,0.0,0.4184084395113727,0.21949598113575214,0.17212594672778941,6.140356006473579,-0.06456251352016863,Luxembourg,647601
-0.989291352303706,-0.9140392149794165,0.0,-0.07713465877250728,-0.06470810695055468,-0.04559705962504208,0.549905289478986,-0.22066006920405196,-0.08249149674798865,0.0,-1.3357689431400566,-0.6069195298667734,0.19439706487420438,-0.09126576712310822,-1.612048406389828,Madagascar,29611718
-0.9792421980456381,-0.850596611358747,0.0,-0.07713465877250728,-0.06470810695055468,-0.04559705962504208,1.1485504427558544,-0.22171990491946578,-0.09092443880841043,0.0,-1.90689646307308,-0.6014774482950523,0.19279573083067264,-0.09126576712310822,-1.302014453208772,Malawi,20405318
-0.23533585049303393,-0.1136041736457455,0.0,7.561453624889002,-0.25093043686018157,-4.133191160836251,-0.338185865629227,0.8695689994679359,-0.09092443880841043,0.0,0.8671514908873197,-0.4363151877964205,0.023399426813492188,-0.20371608484214618,-0.7961763856327464,Malaysia,33938216
0.7429182300435413,-0.49184368819047164,0.0,-0.07713465877250728,-0.06470810695055468,-0.04559705962504208,-0.682196375683905,-0.22171990491946578,-0.09092443880841043,0.0,0.4184084395113727,0.429842955195535,0.18934287299987546,-0.9721265892555723,0.45511612617933866,Maldives,523798
-0.9934375930057036,-0.9257062813768775,0.0,-0.07713465877250728,-0.06470810695055468,-0.04559705962504208,0.6513979792555123,-0.22171990491946578,-0.09092443880841043,0.0,0.17363950239721976,-0.6060679833958188,0.1954858937712174,-0.09126576712310822,-1.4087232956599474,Mali,22593598
0.1257563084495195,0.36431507962554344,0.0,-0.07713465877250728,-0.06470810695055468,-0.04559705962504208,-0.30769394741245293,-0.07086995475889732,-0.04032678644587978,0.0,0.2552291481019374,-0.16636743306099414,0.18990172536220398,-0.7191133743877368,-0.09766838673497008,Malta,533293
0.9160720108932184,-0.6398340216408414,0.0,-0.07713465877250728,-0.06470810695055468,-0.04559705962504208,-0.7240186412275764,-0.20582236918825833,-0.09092443880841043,0.0,0.2144343252495786,5.769803521631307,0.19501722505121796,-0.09126576712310822,-0.11513546891676103,Marshall Islands,41593
2.06549902287671,1.3341938412366396,0.0,-0.07713465877250728,-0.06470810695055468,-0.04559705962504208,-0.48257342969963785,-0.22171990491946578,-0.09092443880841043,0.0,0.6631773766255256,0.47674264333593114,0.18342194634581085,-0.09126576712310822,-0.11513546891676103,Martinique,367512
-0.9346478522486287,-0.7906010503775684,0.0,-0.07713465877250728,-0.06470810695055468,-0.04559705962504208,0.2139606451491891,-0.22066006920405196,-0.09092443880841043,0.0,0.2960239709542962,-0.5722250024529805,0.19539185734157094,-0.09126576712310822,-0.7712422439872049,Mauritania,4736146
0.23473304696765304,-0.32265709326624065,0.0,-0.07713465877250728,-0.06470810695055468,-0.04559705962504208,-0.5806423757486675,-0.22171990491946578,-0.09092443880841043,0.0,0.4592032623637315,-0.16848429267482398,0.1801460469564085,-1.1220603462142895,-0.26314977685872765,Mauritius,1299478
-0.37020586977498443,-0.5145599393671229,0.0,-0.07713465877250728,-0.06470810695055468,-0.04559705962504208,-0.5046672727386887,-0.22171990491946578,-0.09092443880841043,0.0,0.2960239709542962,0.20281381346606833,0.19559002780717769,-0.09126576712310822,-0.11513546891676103,Mayotte,326113
-0.7082944267991431,1.0450495747596344,0.0,-0.07713465877250728,-0.06470810695055468,-0.04559705962504208,2.0361948940624908,0.5427749244657102,0.07773440240002509,0.0,0.4592032623637315,-0.5178095372451882,-0.05160412426237548,0.8458202138688748,1.6867426792731732,Mexico,127504120
0.3602965358848463,-0.5177046161283095,0.0,-0.07713465877250728,-0.06470810695055468,-0.04559705962504208,-0.6594222032632543,-0.22171990491946578,-0.09092443880841043,0.0,-2.6412032744155387,1.0178243736540022,0.19679177569998813,-0.09126576712310822,-0.11513546891676103,Micronesia (country),114178
-0.04779307473681959,1.8949595094630851,0.0,-0.07713465877250728,-0.06470810695055468,-0.04559705962504208,0.44564434690926386,0.3113774599336907,-0.04875972850630155,0.0,0.4184084395113727,-0.33215401055575855,0.17857092932174376,-0.09126576712310822,-0.5893778184466401,Moldova,3272993
1.3025581118650051,0.4458455832131034,0.0,-0.07713465877250728,-0.06470810695055468,-0.04559705962504208,-0.5400753235413887,-0.22171990491946578,-0.09092443880841043,0.0,0.7039721994778845,0.14862750860960353,0.1955064374243073,-0.8034511126770153,-0.11513546891676103,Monaco,36491
0.4553591258913979,-0.47263778235671855,0.0,-0.07713465877250728,-0.06470810695055468,-0.04559705962504208,-0.6552069014121752,-0.22171990491946578,-0.09092443880841043,0.0,-0.1527190804216508,-0.148613318828276,0.15551964525400874,-1.478153018991243,0.4299163680990335,Mongolia,3398373
0.9595714639178705,2.268486639920034,0.0,-0.07713465877250728,-0.06470810695055468,-0.04559705962504208,-0.1110639906484824,-0.22171990491946578,-0.09092443880841043,0.0,-0.030334611864574337,0.18416086601558743,0.19049323047572178,-0.09126576712310822,0.08217315293699448,Montenegro,627082
0.5545889321166735,0.4281659852172941,0.0,-0.07713465877250728,-0.06470810695055468,-0.04559705962504208,-0.42401054205581185,-0.22171990491946578,-0.09092443880841043,0.0,0.9487411365920373,1.3415859596031112,0.19634693560250197,-0.09126576712310822,-0.7045606102178317,Montserrat,4413
-0.8335747869261847,-0.6196278050975036,0.0,-0.07713465877250728,-0.06470810695055468,-0.04559705962504208,0.0296484006656443,-0.22171990491946578,-0.09092443880841043,0.0,-0.560667308945239,-0.5604871968457985,0.15376370850529247,0.021184550595929746,0.08111832435763883,Morocco,37457976
-0.9659226320027935,-0.8987647712787039,0.0,-0.07713465877250728,-0.06470810695055468,-0.04559705962504208,-0.17104911705768996,-0.22101334777585654,-0.09092443880841043,0.0,0.13284467954486096,-0.5872085664393398,0.191101204469455,3.2353894653984314,0.16885576086594598,Mozambique,32969520
-0.9425734450432464,-0.6770419518534884,0.0,-0.07713465877250728,-0.06470810695055468,-0.04559705962504208,1.1614145993758243,-0.1984035191803615,-0.09092443880841043,0.0,-0.8054362460593919,-0.5894380897882507,0.1650877395971421,2.110886288208052,0.4350804529264606,Myanmar,54179312
-0.6718373230484959,0.26651045570877124,0.0,-0.07713465877250728,-0.06470810695055468,-0.04559705962504208,0.7420313685448042,-0.21924695491683352,-0.09092443880841043,0.0,-0.8870258917641095,-0.47483614843142086,0.18995595506719973,-0.09126576712310822,-1.1749946918046728,Namibia,2567024
1.0781165909897512,-0.8907854168791941,0.0,-0.07713465877250728,-0.06470810695055468,-0.04559705962504208,-0.7792502718567337,-0.22171990491946578,-0.09092443880841043,0.0,-3.130741148643845,4.118756064220001,0.19591283835562331,-1.8529874113880362,-0.11513546891676103,Nauru,12691
-0.8399304045479247,-0.6511507045002555,0.0,-0.07713465877250728,-0.06470810695055468,-0.04559705962504208,-0.019127562499551175,-0.22171990491946578,-0.09092443880841043,0.0,-0.8462310689117507,-0.5532960397572736,0.15595887531226088,0.5365818401415204,1.2064204114488133,Nepal,30547586
1.4057093062064965,0.04471245306847312,0.0,-0.07713465877250728,-0.06470810695055468,-0.04559705962504208,-0.6198753499542077,0.24496108843442405,-0.09092443880841043,0.0,0.49999808521609035,0.43055192462088804,-0.2650730809292204,-0.213086944652066,-0.656588609307415,Netherlands,17564020
0.35177150616684133,-0.1270269825208194,0.0,-0.07713465877250728,-0.06470810695055468,-0.04559705962504208,-0.5389572807205263,-0.22171990491946578,-0.09092443880841043,0.0,0.4184084395113727,0.32211649361635875,0.19071606057465393,0.30231034489352465,-0.1346101298867729,New Caledonia,289959
1.4890348971003984,-0.3223016621624149,0.0,-0.07713465877250728,-0.06470810695055468,-0.04559705962504208,-0.6866586780699169,1.3844611217901934,0.3391556062731001,0.0,0.6631773766255256,0.1820671315259335,-0.012493727603954646,0.15237658793480738,0.7276788240564596,New Zealand,5185289
-0.9892239494841542,-0.9239001555721812,0.0,-0.07713465877250728,-0.06470810695055468,-0.04559705962504208,0.1835749062609753,-0.21818711920141967,-0.09092443880841043,0.0,-3.212330794348562,-0.6084577770891757,0.19606508842183187,-0.16623264560246687,1.2435691768281525,Nicaragua,6948395
-0.9988418364825888,-0.9415776821393261,0.0,-0.07713465877250728,-0.06470810695055468,-0.04559705962504208,1.3399476593313826,-0.22171990491946578,-0.09092443880841043,0.0,0.2144343252495786,-0.6104223641542872,0.19627290278318874,-0.09126576712310822,-1.2061329204852922,Niger,26207982
-0.9946377367309276,-0.9397389425086718,0.0,-0.07713465877250728,-0.06470810695055468,-0.04559705962504208,-0.030813224853775332,-0.22171990491946578,-0.09092443880841043,0.0,0.2552291481019374,-0.6093304116780994,0.19290788451617805,-0.09126576712310822,-0.8730132648917623,Nigeria,218541216
1.6908483413784476,-0.9507198506685347,0.0,-0.07713465877250728,-0.06470810695055468,-0.04559705962504208,-0.7911906024887428,-0.22171990491946578,-0.09092443880841043,0.0,-1.8661016402207213,1.7083919391065736,0.19640759652352174,-1.7967622525285174,-0.11513546891676103,Niue,1952
-1.0006183833350335,-0.9507198506685347,0.0,-0.07713465877250728,-0.06470810695055468,-0.04559705962504208,-0.2520355810017856,-0.22171990491946578,-0.09092443880841043,0.0,0.336818793806655,-0.6110052605242198,0.1964556919761679,-0.09126576712310822,-0.11513546891676103,North Korea,26069416
-0.1806772693686563,2.67438686875353,0.0,-0.07713465877250728,-0.06470810695055468,-0.04559705962504208,1.039762420148886,-0.13163386910929023,-0.08249149674798865,0.0,0.4592032623637315,-0.4452446699991952,0.18718808740264622,-0.09126576712310822,-0.3517768767550666,North Macedonia,2093606
0.47083490353889657,-0.3216452577762659,0.0,-0.07713465877250728,-0.06470810695055468,-0.04559705962504208,-0.6141410902143708,-0.17473385486945264,-0.09092443880841043,0.0,0.336818793806655,0.23038501566036354,0.1957424533209168,-0.09126576712310822,-0.11513546891676103,Northern Mariana Islands,49574
0.36100377195468786,-0.1484270322182504,0.0,-0.07713465877250728,-0.06470810695055468,-0.04559705962504208,-0.5471762540253051,0.5152191958649506,-0.09092443880841043,0.0,0.581587730920808,0.15108241831885394,0.133676871924318,0.11489314869512805,0.9970856199105883,Norway,5434324
-0.5736345831384847,-0.18149888228958921,0.0,-0.07713465877250728,-0.06470810695055468,-0.04559705962504208,-0.045121963089189615,-0.22171990491946578,-0.09092443880841043,0.0,0.49999808521609035,-0.5155191177227841,0.18936560242249748,0.45224410185224195,1.3207001136538017,Oman,4576300
-0.9678310988105131,-0.8518421984863446,0.0,-0.07713465877250728,-0.06470810695055468,-0.04559705962504208,0.4577211866545327,-0.22171990491946578,-0.09092443880841043,0.0,0.4592032623637315,-0.6048129669648893,0.1741034817924166,1.0800917091168705,-0.01410251671949723,Pakistan,235824864
0.7230186461982925,-0.5301116338909853,0.0,-0.07713465877250728,-0.06470810695055468,-0.04559705962504208,-0.6901325310850621,-0.22171990491946578,-0.09092443880841043,0.0,-2.6412032744155387,1.0510448748140968,0.1960477987679384,-0.09126576712310822,-0.11513546891676103,Palau,18084
-0.34538636550319307,-0.12374819373428647,0.0,-0.07713465877250728,-0.06470810695055468,-0.04559705962504208,-0.26851216635449987,-0.22171990491946578,-0.09092443880841043,0.0,0.4592032623637315,-0.288059229971213,0.179019377777003,-0.09126576712310822,-0.05804463581187535,Palestine,5250076
0.15871279776440034,0.5586028436538374,0.0,-0.07713465877250728,-0.06470810695055468,-0.04559705962504208,-0.2520355810017856,-0.18992483345705088,0.03556969209791622,0.0,0.336818793806655,-0.1590475110730425,0.15058906736184374,-0.0537823278834289,0.8273512623176913,Panama,4408582
-0.978016036629156,-0.9004744070602233,0.0,-0.07713465877250728,-0.06470810695055468,-0.04559705962504208,0.12943324686139637,-0.22171990491946578,-0.09092443880841043,0.0,-0.23430872612636844,-0.602256215642829,0.1945634355339919,-0.09126576712310822,-1.799267160361969,Papua New Guinea,10142625
-0.46982840112411917,1.279312783872942,0.0,-0.07713465877250728,-0.06470810695055468,-0.04559705962504208,0.9487225451542953,-0.22171990491946578,-0.09092443880841043,0.0,0.3776136166590139,-0.4529556088645296,0.17625187808251205,2.0452902695386133,0.2739260271453677,Paraguay,6780745
-0.3502476743249314,3.9856027277501673,0.0,-0.07713465877250728,-0.06470810695055468,-0.04559705962504208,2.3520789634212496,-0.22171990491946578,-0.09092443880841043,0.0,0.3776136166590139,-0.3307199127841132,0.02097715962088851,0.36790636356296347,0.00423203191006607,Peru,34049588
-0.8253509371752057,-0.51061029336357,0.0,-0.07713465877250728,-0.06470810695055468,-0.04559705962504208,0.2487262351499748,-0.22171990491946578,-0.09092443880841043,0.0,0.5407929080684492,-0.5503557188730993,0.10014836192345081,0.7708533353895162,0.9216289172424639,Philippines,115559008
-0.5842989533543914,-0.9507198506685347,0.0,-0.07713465877250728,-0.06470810695055468,-0.04559705962504208,-0.7911906024887428,-0.22171990491946578,-0.09092443880841043,0.0,-3.6202790228721504,1.8749046001095804,0.1964556919761679,-2.0497754673963526,-0.11513546891676103,Pitcairn,47
-0.18189682523627976,1.353197453624431,0.0,-0.07713465877250728,-0.06470810695055468,-0.04559705962504208,0.37419521759974855,1.5715221255607346,-0.023460902325036226,0.0,0.4184084395113727,-0.3659522970086501,0.004957413644203953,0.6209195784307989,-0.9286221525685973,Poland,39857144
1.6970556184723764,1.18278557625387,0.0,-0.07713465877250728,-0.06470810695055468,-0.04559705962504208,-0.46366643283336834,1.2744148466730574,1.359541595584135,0.0,0.49999808521609035,0.541650417399736,-0.15493892962979391,-0.1474909259826272,-0.14683613337852294,Portugal,10270857
0.8835103662052302,0.437975205668562,0.0,-0.07713465877250728,-0.06470810695055468,-0.04559705962504208,-0.48595486373736935,-0.22171990491946578,-0.09092443880841043,0.0,0.2144343252495786,0.04069946988027396,0.11519801394126086,-0.09126576712310822,-0.11513546891676103,Puerto Rico,3252412
-0.06674003898053667,-0.7559859952595921,0.0,-0.07713465877250728,-0.06470810695055468,-0.04559705962504208,-0.7048350580672709,-0.22171990491946578,-0.09092443880841043,0.0,0.3776136166590139,-0.30473829638336947,0.17660224687227713,-1.4968947386110827,0.5059445263553062,Qatar,2695131
1.4832447840377727,-0.2315271348228295,0.0,-0.07713465877250728,-0.06470810695055468,-0.04559705962504208,-0.6712802494652597,-0.22171990491946578,-0.09092443880841043,0.0,0.3776136166590139,0.7958165933422136,0.15675373269730397,-0.09126576712310822,-0.11513546891676103,Reunion,974062
-0.11936865032657529,1.7121570091463165,0.0,-0.07713465877250728,-0.06470810695055468,-0.04559705962504208,0.4601950006066547,3.1259478415010187,0.04400263415833798,0.0,0.49999808521609035,-0.3004955916748554,0.08833536781525025,-0.09126576712310822,0.14782939663340233,Romania,19659270
-0.18026102508485256,1.1684773205697485,0.0,-0.07713465877250728,-0.06470810695055468,-0.04559705962504208,0.2786211304890995,6.616340130930565,0.3560214903939437,0.0,0.7039721994778845,-0.3438873940462913,-0.6513898461893206,1.5392638398029423,-0.008546047816949837,Russia,144713312
-0.9532997571446691,-0.869669846389156,0.0,-0.07713465877250728,-0.06470810695055468,-0.04559705962504208,-0.08184156487552183,-0.22171990491946578,-0.09092443880841043,0.0,-0.7238466003546743,-0.5896759920914542,0.19050547340834878,0.4241315224224824,1.4574339660848188,Rwanda,13776702
1.4497077432444565,-0.6047912081269118,0.0,-0.07713465877250728,-0.06470810695055468,-0.04559705962504208,-0.7327248288384565,-0.22171990491946578,-0.09092443880841043,0.0,0.336818793806655,0.7227348989217026,0.19616307300979846,-0.09126576712310822,-0.11513546891676103,Saint Barthelemy,10994
0.9611549276670652,-0.9507198506685347,0.0,-0.07713465877250728,-0.06470810695055468,-0.04559705962504208,-0.7911906024887428,-0.22171990491946578,-0.09092443880841043,0.0,-3.3755100857579974,6.408778897864302,0.19625068402356163,-1.6655702151896397,-0.11513546891676103,Saint Helena,5401
-0.32278415024187873,-0.2169079892532134,0.0,-0.07713465877250728,-0.06470810695055468,-0.04559705962504208,-0.34285802453693986,-0.22171990491946578,-0.09092443880841043,0.0,0.17363950239721976,0.009559819773151634,0.19614076044444315,-0.44735843990006174,0.1758344677405828,Saint Kitts and Nevis,47681
-0.17707678987180833,0.7830543814543826,0.0,-0.07713465877250728,-0.06470810695055468,-0.04559705962504208,0.08066803532759553,-0.21394777633976436,-0.09092443880841043,0.0,0.2960239709542962,-0.23507206582707313,0.19491744956519472,-0.09126576712310822,-0.7051476327507288,Saint Lucia,179872
0.8942133898987752,0.14900617913231823,0.0,-0.07713465877250728,-0.06470810695055468,-0.04559705962504208,-0.5508357386030269,-0.22171990491946578,-0.09092443880841043,0.0,0.336818793806655,1.4959744597208209,0.19587560611361796,-0.09126576712310822,-0.11513546891676103,Saint Martin (French part),31816
1.8471550769174292,-0.6922226886564631,0.0,-0.07713465877250728,-0.06470810695055468,-0.04559705962504208,-0.7535991237389323,-0.22171990491946578,-0.09092443880841043,0.0,0.5407929080684492,2.2528600542815593,0.19624232083593232,-0.09126576712310822,-0.11513546891676103,Saint Pierre and Miquelon,5885
-0.5454117976023446,-0.04345968557128948,0.0,-0.07713465877250728,-0.06470810695055468,-0.04559705962504208,0.034205426475980384,-0.22171990491946578,-0.09092443880841043,0.0,0.2552291481019374,-0.3974674710547189,0.1961125011245907,-0.09126576712310822,-0.9986059755341171,Saint Vincent and the Grenadines,103959
-0.6254277898872039,-0.8446923095208385,0.0,-0.07713465877250728,-0.06470810695055468,-0.04559705962504208,-0.6741582816790351,-0.22171990491946578,-0.09092443880841043,0.0,-0.6830517775023155,-0.20489171609017776,0.19491705835662723,-0.40987500066038246,0.9712396705857038,Samoa,222390
2.671753968136538,1.8940149460600364,0.0,-0.07713465877250728,-0.06470810695055468,-0.04559705962504208,-0.4703907610210225,-0.22171990491946578,-0.09092443880841043,0.0,0.336818793806655,0.4198651813116266,0.19504166820632324,-1.431298719941644,1.082660279602163,San Marino,33690
-0.8549583955179618,-0.6831204437490532,0.0,-0.07713465877250728,-0.06470810695055468,-0.04559705962504208,-0.030367053843931065,-0.22171990491946578,-0.09092443880841043,0.0,0.09204985669250212,-0.5041318967990566,0.196263020739889,-0.09126576712310822,-0.16415775115042813,Sao Tome and Principe,227393
-0.8875617583940584,-0.7492023087704185,0.0,-0.07713465877250728,-0.06470810695055468,-0.04559705962504208,-0.05302142087015657,-0.22171990491946578,-0.09092443880841043,0.0,0.3776136166590139,-0.5806267817329953,0.1735316444279576,-1.206398084503568,2.661971493573003,Saudi Arabia,36408824
-0.975339616977245,-0.8641433632123487,0.0,-0.07713465877250728,-0.06470810695055468,-0.04559705962504208,0.6271585544313689,-0.20582236918825833,-0.09092443880841043,0.0,-0.6830517775023155,-0.6005487695579231,0.19370207389173924,-0.09126576712310822,-1.6667719840768127,Senegal,17316452
0.8385159344280633,1.048052474722667,0.0,-0.07713465877250728,-0.06470810695055468,-0.04559705962504208,-0.3411113968667442,-0.22171990491946578,-0.09092443880841043,0.0,0.4184084395113727,-0.1155682430083765,0.10670763165906108,-0.09126576712310822,0.2665837877456632,Serbia,6871547
1.3684814611762217,0.27043102127741653,0.0,-0.07713465877250728,-0.06470810695055468,-0.04559705962504208,-0.5777264130555789,-0.22171990491946578,-0.09092443880841043,0.0,0.2960239709542962,0.4621114542243872,0.19444641476223248,-1.309477542412686,0.03664521053752728,Seychelles,107135
-0.9960828783462218,-0.9396715648472778,0.0,-0.07713465877250728,-0.06470810695055468,-0.04559705962504208,0.21761694072508808,-0.22171990491946578,-0.09092443880841043,0.0,-1.009410360321186,-0.6089551710336658,0.19627703254368065,4.97836939004352,-0.2792713146117226,Sierra Leone,8605723
1.608093920500773,-0.6776127263709298,0.0,-0.07713465877250728,-0.06470810695055468,-0.04559705962504208,-0.7478349315166164,-0.22171990491946578,-0.09092443880841043,0.0,0.8263566680349609,0.05350822107687173,0.048357565698949626,-0.12874920636278753,0.9191377746427729,Singapore,5637022
0.2226520217929062,0.6327741466225558,0.0,-0.07713465877250728,-0.06470810695055468,-0.04559705962504208,-0.2551063852183488,-0.22171990491946578,-0.09092443880841043,0.0,0.2552291481019374,0.8014805994289292,0.19611267641383187,-1.1314312060242093,-0.8627661908690056,Sint Maarten (Dutch part),44192
0.627235916056819,1.9102666224678655,0.0,-0.07713465877250728,-0.06470810695055468,-0.04559705962504208,-0.06334486581206576,-0.1736740191540388,-0.08249149674798865,0.0,0.49999808521609035,0.031136563950391768,0.10725741416427396,-0.09126576712310822,0.0326690411335974,Slovakia,5643455
2.1298325407680707,2.667194828786739,0.0,-0.07713465877250728,-0.06470810695055468,-0.04559705962504208,-0.3125709909640271,-0.09347978335439236,0.02713675003749443,0.0,0.4184084395113727,0.7507239820056293,0.1293970750584888,0.5459526999514402,0.9964075976748099,Slovenia,2119843
-0.8253243429645903,-0.7417307527262098,0.0,-0.07713465877250728,-0.06470810695055468,-0.04559705962504208,-0.2974537443325192,-0.22171990491946578,-0.09092443880841043,0.0,2.784508164948184,-0.43585476227824593,0.1964556919761679,-0.09126576712310822,-0.48591748728766776,Solomon Islands,724272
-0.9930200810774459,-0.8918925115453401,0.0,-0.07713465877250728,-0.06470810695055468,-0.04559705962504208,2.4150913327185735,-0.22171990491946578,-0.09092443880841043,0.0,-1.6213327031065683,-0.6091760922220705,0.19521792602753577,-0.09126576712310822,-0.7701387357168924,Somalia,17597508
-0.6679807197276768,0.35219480620242855,0.0,-0.07713465877250728,-0.06470810695055468,-0.04559705962504208,0.8309317804336549,-0.2196002334886381,-0.09092443880841043,0.0,0.17363950239721976,-0.5315186949535569,0.10827493014969974,-0.09126576712310822,-0.6875329898945003,South Africa,59893884
2.263193963535965,-0.4232282610248842,0.0,-0.07713465877250728,-0.06470810695055468,-0.04559705962504208,-0.7242592767217294,-0.22171990491946578,-0.09092443880841043,0.0,0.9895359594443962,0.9202457096010864,-2.3229083967491557,-0.016298888643749572,0.6344955395242192,South Korea,51815808
-0.9921811047501568,-0.9404742226159927,0.0,-0.07713465877250728,-0.06470810695055468,-0.04559705962504208,-0.28829797881193714,-0.22171990491946578,-0.09092443880841043,0.0,-1.7437171716636448,-0.6073839143668522,0.19592846753497958,-0.09126576712310822,-0.7408488332604721,South Sudan,10913172
0.43736188409345306,0.9981173399348209,0.0,-0.07713465877250728,-0.06470810695055468,-0.04559705962504208,-0.2299336920023516,-0.22171990491946578,-0.09092443880841043,0.0,0.6223825537731668,-0.023540813658383116,-0.4332749203088734,-0.35364984180086345,1.329579521059468,Spain,47558632
-0.8498699761345351,-0.3616832284338332,0.0,-0.07713465877250728,-0.06470810695055468,-0.04559705962504208,0.8269961218848075,-0.21924695491683352,-0.09092443880841043,0.0,-0.27510354897872724,-0.5554565960469262,0.17369034387858034,-0.7191133743877368,2.2090139122894947,Sri Lanka,21832150
-0.9939401260192324,-0.8688383811294973,0.0,-0.07713465877250728,-0.06470810695055468,-0.04559705962504208,4.286445214470204,-0.22171990491946578,-0.09092443880841043,0.0,0.2960239709542962,-0.6086846671536288,0.19488474886823537,-0.09126576712310822,-1.0968658647394465,Sudan,46874200
-0.3476337524324998,0.779641362419248,0.0,-0.07713465877250728,-0.06470810695055468,-0.04559705962504208,0.30622942340653025,-0.22171990491946578,-0.09092443880841043,0.0,0.336818793806655,-0.3018713891274842,0.19471592793413098,-0.09126576712310822,1.485174447340932,Suriname,618046
0.27696431443224817,1.0247995686570592,0.0,-0.07713465877250728,-0.06470810695055468,-0.04559705962504208,-0.1508200530788297,0.3477651528295655,0.41505208481689615,0.0,0.581587730920808,0.1671434992808093,0.13163644898927346,0.04929713002568924,0.21324561761817046,Sweden,10549349
1.4943032873729996,0.2824056104141431,0.0,-0.07713465877250728,-0.06470810695055468,-0.04559705962504208,-0.5865039994074749,0.3131438527927138,-0.09092443880841043,0.0,0.4592032623637315,0.2204130443620232,-0.06875694938632217,-0.09126576712310822,-0.11513546891676103,Switzerland,8740471
-0.9879225154264974,-0.8419813317752948,0.0,-0.07713465877250728,-0.06470810695055468,-0.04559705962504208,2.755800401121641,-0.22171990491946578,-0.09092443880841043,0.0,-0.27510354897872724,-0.6076823516651538,0.19472274674912554,-0.09126576712310822,-1.4533709834614308,Syria,22125242
-0.9918766402684199,-0.9411669014999583,0.0,-0.07713465877250728,-0.06470810695055468,-0.04559705962504208,-0.33862817207700563,-0.22171990491946578,-0.09092443880841043,0.0,-3.497894554315074,-0.6068495843352415,0.19582404961886243,1.164429447406149,0.2570925600056374,Tajikistan,9952789
-0.9973897153456766,-0.9408952203096094,0.0,-0.07713465877250728,-0.06470810695055468,-0.04559705962504208,0.4689874178968176,-0.22171990491946578,-0.09092443880841043,0.0,-0.6830517775023155,-0.6018153428633441,0.19511447870961096,-0.09126576712310822,0.22555142831330366,Tanzania,65497752
-0.6731793446770223,-0.5824312377208011,0.0,-0.07713465877250728,-0.06470810695055468,-0.04559705962504208,-0.32539337034453636,0.6809068460413127,-0.04032678644587978,0.0,1.0711256051491138,-0.5366504999723002,0.040699294149828584,0.14300572812488754,2.036424745523133,Thailand,71697024
-0.9787653418669272,-0.9257916588692928,0.0,-0.07713465877250728,-0.06470810695055468,-0.04559705962504208,-0.3187818269121345,-0.22171990491946578,-0.09092443880841043,0.0,0.2552291481019374,-0.600531229778851,0.19543679275156967,-0.09126576712310822,-1.3845232506253686,Togo,8848700
-0.7938881856689989,-0.9507198506685347,0.0,-0.07713465877250728,-0.06470810695055468,-0.04559705962504208,-0.7911906024887428,-0.22171990491946578,-0.09092443880841043,0.0,-2.396434337301386,-0.009225971757479641,0.1964556919761679,-2.0497754673963526,-0.11513546891676103,Tokelau,1893
-0.22355526694383,-0.8653096230898972,0.0,-0.07713465877250728,-0.06470810695055468,-0.04559705962504208,-0.7456716087810906,-0.22066006920405196,-0.09092443880841043,0.0,-2.7635877429726152,-0.01706966773975248,0.19486523830705638,0.17111830755464702,0.7378053365243324,Tonga,106867
-0.38877979332026347,1.2302485986683451,0.0,-0.07713465877250728,-0.06470810695055468,-0.04559705962504208,0.6850311024141633,-0.22171990491946578,-0.09092443880841043,0.0,0.336818793806655,-0.4929306999157421,0.1867736893256426,-0.09126576712310822,0.3058951600068823,Trinidad and Tobago,1531043
-0.5440058458303382,0.860525258940777,0.0,-0.07713465877250728,-0.06470810695055468,-0.04559705962504208,0.8515480003987888,-0.22171990491946578,-0.09092443880841043,0.0,0.3776136166590139,-0.45494803036108045,0.15781872021613574,0.6677738774803981,0.08708414644328637,Tunisia,12356116
-0.02590934895679948,-0.046794460322169544,0.0,-0.07713465877250728,-0.06470810695055468,-0.04559705962504208,-0.40713273783969706,-0.22171990491946578,-0.09092443880841043,0.0,0.4184084395113727,-0.3672804446745517,-0.4326326201293078,0.030555410405849578,0.4548625067924035,Turkey,85341248
-1.0006183833350335,-0.9507198506685347,0.0,-0.07713465877250728,-0.06470810695055468,-0.04559705962504208,-0.2520355810017856,-0.22171990491946578,-0.09092443880841043,0.0,0.336818793806655,-0.6110052605242198,0.1964556919761679,4.575422418216967,-0.11513546891676103,Turkmenistan,6430777
-0.2726215932820073,-0.2853409421958756,0.0,-0.07713465877250728,-0.06470810695055468,-0.04559705962504208,-0.41267948949285593,-0.22030679063224734,-0.09092443880841043,0.0,0.2144343252495786,0.0763358226230737,0.19627587535083008,-0.765967673437336,-0.11513546891676103,Turks and Caicos Islands,45726
0.26946807176757825,-0.883615492554682,0.0,-0.07713465877250728,-0.06470810695055468,-0.04559705962504208,-0.7693101393224413,-0.22171990491946578,-0.09092443880841043,0.0,-2.60040845156318,2.213304151495373,0.1959456819135095,-1.421927860131724,-0.11513546891676103,Tuvalu,11335
-0.9827952671207837,-0.8922516047661804,0.0,-0.07713465877250728,-0.06470810695055468,-0.04559705962504208,0.5673589848196007,-0.22171990491946578,-0.09092443880841043,0.0,-0.6014621317975978,-0.5976194925256805,0.19225156925960687,-0.09126576712310822,-0.5707632470427761,Uganda,47249588
-0.3189107948601395,1.155188108496171,0.0,-0.07713465877250728,-0.06470810695055468,-0.04559705962504208,0.48813274717434774,-0.10513797622394448,-0.09092443880841043,0.0,0.4184084395113727,-0.4322675208923125,0.060504600974555955,-0.09126576712310822,0.6793320564352248,Ukraine,39701744
-0.44775626797098794,-0.7614720147329724,0.0,-0.07713465877250728,-0.06470810695055468,-0.04559705962504208,-0.649430780292365,-0.22171990491946578,-0.09092443880841043,0.0,-1.4989482345494918,-0.5296834799221967,0.1597047119203936,-0.4005041408504626,1.0627995388574942,United Arab Emirates,9441138
0.8090638768591089,1.6645022725756147,0.0,-0.07713465877250728,-0.06470810695055468,-0.04559705962504208,-0.1927165563044458,4.2186384640926775,-0.09092443880841043,0.0,0.49999808521609035,-0.03973037814721748,-0.8884574275997038,-0.4005041408504626,0.9783111068160758,United Kingdom,67508936
0.49510323191006167,1.732052249283088,0.0,-0.07713465877250728,-0.06470810695055468,-0.04559705962504208,-0.04839028578595044,-0.22171990491946578,15.122103038192474,0.0,0.581587730920808,-0.12307873729689875,-3.729613477438301,0.021184550595929746,-0.4023818570192488,United States,338289856
0.24785340057310465,0.058567362684119446,0.0,-0.07713465877250728,-0.06470810695055468,-0.04559705962504208,-0.45639857409092743,-0.22171990491946578,-0.09092443880841043,0.0,0.17363950239721976,0.005311915666499622,0.19489590542337917,-0.09126576712310822,-0.11513546891676103,United States Virgin Islands,99479
0.48764084517531514,0.7564059966831734,0.0,-0.07713465877250728,-0.06470810695055468,-0.04559705962504208,-0.31615515010106104,-0.20794204061908597,-0.09092443880841043,0.0,0.336818793806655,0.05813817293349838,0.13728778316871323,-0.8877888509662938,-0.12719557327994888,Uruguay,3422796
-0.975885168422049,-0.928402483182067,0.0,-0.07713465877250728,-0.06470810695055468,-0.04559705962504208,-0.4175092187406487,-0.22171990491946578,-0.09092443880841043,0.0,-0.8870258917641095,-0.6034632637142967,0.19228712168315412,2.9917471103405155,-0.2757421483340247,Uzbekistan,34627648
-0.8206794007063892,-0.9181292274617205,0.0,-0.07713465877250728,-0.06470810695055468,-0.04559705962504208,-0.7161827945697851,-0.22171990491946578,-0.09092443880841043,0.0,-0.7238466003546743,-0.46877703165956297,0.19494503660438214,-0.09126576712310822,0.32478874114325745,Vanuatu,326744
-0.8432104800440854,-0.9507198506685347,0.0,-0.07713465877250728,-0.06470810695055468,-0.04559705962504208,-0.7911906024887428,-0.22171990491946578,-0.09092443880841043,0.0,-2.3148446915966683,-0.10490108716498683,0.1964556919761679,-0.09126576712310822,-0.11513546891676103,Vatican,808
-0.9050888712774708,-0.7933357720500994,0.0,-0.07713465877250728,-0.06470810695055468,-0.04559705962504208,-0.10891112946224837,-0.22171990491946578,-0.09092443880841043,0.0,0.4184084395113727,-0.5968999089634631,0.1893337781270432,0.24608518603400567,-0.11513546891676103,Venezuela,28301700
-0.4215007427252142,-0.6160142663108708,0.0,-0.07713465877250728,-0.06470810695055468,-0.04559705962504208,-0.5518396097951294,-0.22171990491946578,-0.09092443880841043,0.0,0.9487411365920373,-0.062020351917308286,-0.3645756813429912,-0.025669748453669403,2.5885222619278627,Vietnam,98186856
0.5855313593818321,-0.3603739475135948,0.0,-0.07713465877250728,-0.06470810695055468,-0.04559705962504208,-0.63705554188081,-0.22171990491946578,-0.09092443880841043,0.0,0.581587730920808,6.074218613995852,0.19647460263641245,-0.22245780446198585,-0.4315797352071125,Wallis and Futuna,11596
-0.9988843219642451,-0.9019851103801905,0.0,-0.07713465877250728,-0.06470810695055468,-0.04559705962504208,10.84774489265568,-0.22171990491946578,-0.09092443880841043,0.0,-1.5397430574018507,-0.6103742038189385,0.19598328334183895,-0.09126576712310822,-1.825494262347608,Yemen,33696612
-0.9151268771420735,-0.7958027226949962,0.0,-0.07713465877250728,-0.06470810695055468,-0.04559705962504208,-0.04075135839489532,-0.18886499774163706,-0.023460902325036226,0.0,0.17363950239721976,-0.5725309861845916,0.18648747938910012,-0.09126576712310822,-0.43418587993842794,Zambia,20017670
-0.9207745377868457,-0.6832039223327251,0.0,-0.07713465877250728,-0.06470810695055468,-0.04559705962504208,0.5963550109630188,-0.22136662634766116,-0.09092443880841043,0.0,0.09204985669250212,-0.5632712367127312,0.1880079786447097,-0.09126576712310822,-0.5243488698434431,Zimbabwe,16320539
