case_rate_per_100k,mortality_rate_per_100k,testing_rate_per_1k,vaccination_rate_pct,hospitalization_rate_per_100k,icu_rate_per_100k,case_fatality_rate_pct,recent_case_growth,recent_death_growth,case_to_test_ratio,days_to_peak,peak_case_rate_per_100k,recovery_speed,days_to_50pct_vax,vax_acceleration,location,population,kmeans_cluster,hierarchical_cluster,dbscan_cluster,gmm_cluster,cluster_label,cluster_category,continent
-0.9726426183099866,-0.8028063185561312,0.0,-0.0771346587725072,-0.0647081069505546,-0.045597059625042,1.3984105113106278,-0.2217199049194657,-0.0909244388084104,0.0,-0.8054362460593919,-0.6022599215002349,0.1912821131623998,-0.0912657671231082,-0.7108864073472595,Afghanistan,41128772,0,0,0,1,Healthcare-Strained Regions,Healthcare-Strained Regions,Asia
-0.4239878765914145,0.0140080850128267,0.0,-0.0771346587725072,-0.0647081069505546,-0.045597059625042,-0.0983292959561576,-0.2217199049194657,-0.0909244388084104,0.0,0.336818793806655,-0.4526938272201354,0.1866854320489901,-0.0912657671231082,-0.4327770128682049,Albania,2842318,0,0,0,1,Healthcare-Strained Regions,Healthcare-Strained Regions,Europe
-0.970971587075149,-0.8341607343721205,0.0,-0.0771346587725072,-0.0647081069505546,-0.045597059625042,0.8370086321680474,-0.2019363048984076,-0.0909244388084104,0.0,0.4592032623637315,-0.6013948093713138,0.1934796056144037,-0.0912657671231082,-0.115135468916761,Algeria,44903228,0,0,0,1,Healthcare-Strained Regions,Healthcare-Strained Regions,Africa
-0.077485617702429,-0.3668763339398364,0.0,-0.0771346587725072,-0.0647081069505546,-0.045597059625042,-0.5292689724676328,-0.2217199049194657,-0.0909244388084104,0.0,-2.518818805858462,0.6293821028861674,0.1956848190463118,-0.0912657671231082,-0.115135468916761,American Samoa,44295,0,0,0,1,Healthcare-Strained Regions,Healthcare-Strained Regions,Oceania
1.941123971143334,0.56400073818788,0.0,-0.0771346587725072,-0.0647081069505546,-0.045597059625042,-0.5779514419628734,-0.2217199049194657,-0.0909244388084104,0.0,0.336818793806655,0.6621038937074109,0.1942634677526853,-0.5504378978091798,-0.1434970133789531,Andorra,79843,0,0,0,1,Healthcare-Strained Regions,Healthcare-Strained Regions,Europe
-0.9858449815599016,-0.9093212048401964,0.0,-0.0771346587725072,-0.0647081069505546,-0.045597059625042,0.3693081963840788,-0.2217199049194657,-0.0909244388084104,0.0,0.0920498566925021,-0.6017669705104272,0.1937251359191328,-0.0912657671231082,-1.1278427407530478,Angola,35588996,0,0,0,1,Healthcare-Strained Regions,Healthcare-Strained Regions,Africa
0.2022162133817278,-0.375829456346796,0.0,-0.0771346587725072,-0.0647081069505546,-0.045597059625042,-0.593257601161616,-0.2217199049194657,-0.0909244388084104,0.0,0.2144343252495786,-0.127155481168951,0.1962422878919808,-1.2532523835531673,-0.9225378873655576,Anguilla,15877,0,0,0,1,Healthcare-Strained Regions,Healthcare-Strained Regions,North America
-0.525590597103602,0.2335534215896656,0.0,-0.0771346587725072,-0.0647081069505546,-0.045597059625042,0.2412664206136169,-0.2217199049194657,-0.0909244388084104,0.0,0.3776136166590139,-0.4156983520573601,0.1961387951730923,-0.5972921968587791,1.5396528583484872,Antigua and Barbuda,93772,0,0,0,1,Healthcare-Strained Regions,Healthcare-Strained Regions,North America
0.0851279301492405,1.2330906446347036,0.0,-0.0771346587725072,-0.0647081069505546,-0.045597059625042,0.0417722896545156,-0.1401125548326008,-0.0740585546875668,0.0,0.336818793806655,-0.1163628503766494,-0.1414119356612576,0.6865155971002377,-0.2821960653980882,Argentina,45510324,0,0,0,3,High-Risk Regions,High-Risk Regions,South America
-0.204923285064412,1.4503225160442057,0.0,-0.0771346587725072,-0.0647081069505546,-0.045597059625042,0.4584703779254728,-0.2217199049194657,-0.0909244388084104,0.0,0.4592032623637315,-0.3638807123006783,0.1895726689523293,-0.0912657671231082,-0.7569907337080822,Armenia,2780472,0,0,0,1,Healthcare-Strained Regions,Healthcare-Strained Regions,Asia
1.0314587359287308,1.1355607509940016,0.0,-0.0771346587725072,-0.0647081069505546,-0.045597059625042,-0.3660118012780839,-0.2217199049194657,-0.0909244388084104,0.0,0.2144343252495786,0.9076475088390562,0.1942458232286177,-1.375073561082125,-1.0553951377259805,Aruba,106459,0,0,0,1,Healthcare-Strained Regions,Healthcare-Strained Regions,North America
1.215868025768707,-0.2174461744442996,0.0,-0.0771346587725072,-0.0647081069505546,-0.045597059625042,-0.654184443530791,-0.2217199049194657,-0.0909244388084104,0.0,0.5407929080684492,0.0460077328368535,-0.8076629217960366,0.1055222888852082,3.3328947356265486,Australia,26177410,0,0,-1,3,High-Risk Regions,High-Risk Regions,Oceania
2.3276914897711447,0.9665870184104433,0.0,-0.0771346587725072,-0.0647081069505546,-0.045597059625042,-0.552625484154745,-0.2068822049036721,-0.0909244388084104,0.0,0.7447670223302433,0.4316530831983117,-0.1041185840431048,-0.1474909259826272,-0.1565142270337782,Austria,8939617,0,0,0,3,High-Risk Regions,High-Risk Regions,Europe
-0.6059199591054231,-0.190464845769938,0.0,-0.0771346587725072,-0.0647081069505546,-0.045597059625042,0.0064972238507275,-0.1457650119814746,-0.0909244388084104,0.0,0.5407929080684492,-0.4780494440317528,0.1850297971437938,-0.0912657671231082,0.3735692311722815,Azerbaijan,10358078,0,0,0,3,High-Risk Regions,High-Risk Regions,Asia
-0.5337774889256277,0.624378716459417,0.0,-0.0771346587725072,-0.0647081069505546,-0.045597059625042,0.6060716059750556,-0.1740272977258434,-0.0909244388084104,0.0,0.2552291481019374,-0.3878676427315851,0.1957148753578651,-0.0912657671231082,-0.4991353089339741,Bahamas,409989,0,0,0,3,High-Risk Regions,High-Risk Regions,North America
1.3139979691335486,-0.1571489424501437,0.0,-0.0771346587725072,-0.0647081069505546,-0.045597059625042,-0.6492045155608585,-0.2217199049194657,-0.0909244388084104,0.0,0.4999980852160903,0.4077877655216285,0.1600115291736821,-1.2907358227928465,-0.2232985486815741,Bahrain,1472237,0,0,0,1,Healthcare-Strained Regions,Healthcare-Strained Regions,Asia
-0.9419998819301192,-0.8196477176403596,0.0,-0.0771346587725072,-0.0647081069505546,-0.045597059625042,0.1348173674902402,-0.180739590590131,-0.0824914967479886,0.0,0.4184084395113727,-0.5939088692002695,0.16383934291346,1.0613499894970309,0.0643015274305813,Bangladesh,171186368,0,0,0,3,High-Risk Regions,High-Risk Regions,Asia
0.885282204876259,0.6507669243531897,0.0,-0.0771346587725072,-0.0647081069505546,-0.045597059625042,-0.4395138748785848,-0.1690813977205789,-0.0909244388084104,0.0,0.3776136166590139,-0.1678534287735942,0.1895753555111494,0.0867805692653685,-0.3775023914573369,Barbados,281646,0,0,0,3,High-Risk Regions,High-Risk Regions,North America
-0.4906439505918625,-0.3828987315515021,0.0,-0.0771346587725072,-0.0647081069505546,-0.045597059625042,-0.3300830806816159,-0.2217199049194657,-0.0909244388084104,0.0,0.5407929080684492,-0.4456763052668058,0.1706057989105788,1.3143632043648663,0.3984508363938548,Belarus,9534956,0,0,0,1,Healthcare-Strained Regions,Healthcare-Strained Regions,Europe
1.0444086258653045,1.2901324122825373,0.0,-0.0771346587725072,-0.0647081069505546,-0.045597059625042,-0.3374023533634759,1.3196345038640476,-0.0909244388084104,0.0,0.581587730920808,0.2318741077765467,0.0077453307254425,-0.1381200661727073,-0.6745940007367405,Belgium,11655923,0,0,0,3,High-Risk Regions,High-Risk Regions,Europe
-0.1386578609162625,0.3404998950997961,0.0,-0.0771346587725072,-0.0647081069505546,-0.045597059625042,-0.1708190824546238,-0.2210133477758565,-0.0909244388084104,0.0,0.2552291481019374,-0.2404864022545063,0.1935052888920424,0.339793784133204,0.0619464267438848,Belize,405285,0,0,0,1,Healthcare-Strained Regions,Healthcare-Strained Regions,North America
-0.990347538400006,-0.941434775378848,0.0,-0.0771346587725072,-0.0647081069505546,-0.045597059625042,-0.4168057007537122,-0.2217199049194657,-0.0909244388084104,0.0,-0.5198724860928802,-0.6012621185584707,0.1953503648987411,-0.0912657671231082,-0.8165400052926138,Benin,13352864,0,0,0,1,Healthcare-Strained Regions,Healthcare-Strained Regions,Africa
0.4362727232555285,1.003951810854132,0.0,-0.0771346587725072,-0.0647081069505546,-0.045597059625042,-0.2278266835470584,-0.2217199049194657,-0.0909244388084104,0.0,0.2552291481019374,0.00314499045003,0.1952759393683762,-1.0470934677349308,0.963283250172526,Bermuda,64207,0,0,0,1,Healthcare-Strained Regions,Healthcare-Strained Regions,North America
-0.6086501898207806,-0.9303057117655266,0.0,-0.0771346587725072,-0.0647081069505546,-0.045597059625042,-0.7696221340601588,-0.2217199049194657,-0.0909244388084104,0.0,0.8263566680349609,-0.2083967852961976,0.1929609972621995,-1.871729131007876,0.465577048958594,Bhutan,782457,0,0,0,1,Healthcare-Strained Regions,Healthcare-Strained Regions,Asia
-0.5155505829128711,0.4422790022421784,0.0,-0.0771346587725072,-0.0647081069505546,-0.045597059625042,0.3980983408196564,-0.2210133477758565,-0.0909244388084104,0.0,0.336818793806655,-0.4217143649843599,0.1598767546953116,3.085455708439714,0.4696082772151841,Bolivia,12224114,0,0,0,0,High-Risk Regions,High-Risk Regions,South America
1.1552104969582275,0.2020874784768642,0.0,-0.0771346587725072,-0.0647081069505546,-0.045597059625042,-0.5697376309205969,-0.2217199049194657,-0.0909244388084104,0.0,0.1736395023972197,0.5130161773660465,0.1956543424670244,-0.6910007949579774,-0.115135468916761,Bonaire Sint Eustatius and Saba,27052,0,0,0,1,Healthcare-Strained Regions,Healthcare-Strained Regions,North America
-0.3899438299784388,2.905193817682392,0.0,-0.0771346587725072,-0.0647081069505546,-0.045597059625042,1.823718201298018,-0.2192469549168335,-0.0740585546875668,0.0,0.3776136166590139,-0.4551808658604271,0.1877728765815333,-0.0912657671231082,-0.115135468916761,Bosnia and Herzegovina,3233530,0,0,0,3,High-Risk Regions,High-Risk Regions,Europe
-0.3855998493091346,-0.1407290717776562,0.0,-0.0771346587725072,-0.0647081069505546,-0.045597059625042,-0.2457707519955733,-0.2217199049194657,-0.0909244388084104,0.0,0.4184084395113727,-0.1464837567884616,0.1935421316503894,0.9582705315879128,0.1693520965291453,Botswana,2630300,0,0,0,1,Healthcare-Strained Regions,Healthcare-Strained Regions,Africa
-0.1483770700064609,1.5296123540830766,0.0,-0.0771346587725072,-0.0647081069505546,-0.045597059625042,0.4140849231942514,-0.2217199049194657,-0.0909244388084104,0.0,0.4592032623637315,-0.4369501596741569,-1.1454220980665926,0.3679063635629634,0.928662957891431,Brazil,215313504,0,0,0,3,High-Risk Regions,High-Risk Regions,South America
0.1792290475750147,0.602969206848167,0.0,-0.0771346587725072,-0.0647081069505546,-0.045597059625042,-0.2458380818721996,-0.2217199049194657,-0.0909244388084104,0.0,0.2144343252495786,0.3659988893495393,0.1962268733149668,-0.6066630566686989,-0.1340308576452191,British Virgin Islands,31332,0,0,0,1,Healthcare-Strained Regions,Healthcare-Strained Regions,North America
2.7877280684093164,-0.6474864709497958,0.0,-0.0771346587725072,-0.0647081069505546,-0.045597059625042,-0.7580419112758575,0.1502824311907885,-0.0824914967479886,0.0,0.581587730920808,1.3017166877915367,0.1774420893150523,-0.4098750006603824,2.4326527211768,Brunei,449002,0,0,-1,3,High-Risk Regions,High-Risk Regions,Asia
-0.0413119309945418,3.389665731340508,0.0,-0.0771346587725072,-0.0647081069505546,-0.045597059625042,1.0825523635448286,-0.0560322547431037,-0.0909244388084104,0.0,0.4184084395113727,-0.3447031488225098,0.1555091986567945,-0.0912657671231082,-1.4143108063887913,Bulgaria,6781955,0,0,0,3,High-Risk Regions,High-Risk Regions,Europe
-0.9958420027411892,-0.937301207002304,0.0,-0.0771346587725072,-0.0647081069505546,-0.045597059625042,0.3722621839681931,-0.2217199049194657,-0.0909244388084104,0.0,0.2552291481019374,-0.6084236106716261,0.1962057364938518,-0.0912657671231082,-1.193332331513929,Burkina Faso,22673764,0,0,0,1,Healthcare-Strained Regions,Healthcare-Strained Regions,Africa
-0.9799087850530944,-0.949834684834364,0.0,-0.0771346587725072,-0.0647081069505546,-0.045597059625042,-0.7734898374669102,-0.2217199049194657,-0.0909244388084104,0.0,0.0920498566925021,-0.5995001302761237,0.1944015656005046,-0.0912657671231082,-1.8813830451468387,Burundi,12889583,0,0,0,1,Healthcare-Strained Regions,Healthcare-Strained Regions,Africa
-0.9599742853931262,-0.8120927326187672,0.0,-0.0771346587725072,-0.0647081069505546,-0.045597059625042,0.621313683852586,-0.2167740049142012,-0.0909244388084104,0.0,-0.560667308945239,-0.5993896663928789,0.1897549990931713,-0.3067955427512643,1.179376911921988,Cambodia,16767851,0,0,0,1,Healthcare-Strained Regions,Healthcare-Strained Regions,Asia
-0.9786702340837784,-0.8969314176338352,0.0,-0.0771346587725072,-0.0647081069505546,-0.045597059625042,0.2237252983487409,-0.2199535120604427,-0.0909244388084104,0.0,-1.4173585888447742,-0.6019215665797909,0.1915495763481077,-0.0912657671231082,-1.5588850615987235,Cameroon,27914542,0,0,0,1,Healthcare-Strained Regions,Healthcare-Strained Regions,Africa
-0.3875891240515785,0.1427599658220512,0.0,-0.0771346587725072,-0.0647081069505546,-0.045597059625042,-0.0524896879552616,0.0722078668219697,-0.0234609023250362,0.0,0.5407929080684492,-0.3878132797168725,-0.0259775288549644,-0.0912657671231082,0.9471624020859212,Canada,38454328,0,0,0,3,High-Risk Regions,High-Risk Regions,North America
-0.4689071435544674,-0.4159893150392176,0.0,-0.0771346587725072,-0.0647081069505546,-0.045597059625042,-0.3747067067781721,-0.2217199049194657,-0.0909244388084104,0.0,0.2144343252495786,-0.2472426802326685,0.1949220672589769,0.6677738774803981,1.1052320061383656,Cape Verde,593162,0,0,0,1,Healthcare-Strained Regions,Healthcare-Strained Regions,Africa
1.2396141467007862,-0.5411969574005964,0.0,-0.0771346587725072,-0.0647081069505546,-0.045597059625042,-0.715485673833375,-0.2217199049194657,-0.0909244388084104,0.0,0.4184084395113727,0.3011256450200251,0.1945395461111046,-1.0189808883051714,0.1111475786441361,Cayman Islands,68722,0,0,0,1,Healthcare-Strained Regions,Healthcare-Strained Regions,North America
-0.9870798353810466,-0.935314101867478,0.0,-0.0771346587725072,-0.0647081069505546,-0.045597059625042,-0.3199423057383992,-0.2217199049194657,-0.0909244388084104,0.0,-1.294974120287698,-0.6045813434784231,0.1960202992308476,-0.0912657671231082,-0.3751986000611626,Central African Republic,5579148,0,0,0,1,Healthcare-Strained Regions,Healthcare-Strained Regions,Africa
-0.9984925795386492,-0.9423939907813544,0.0,-0.0771346587725072,-0.0647081069505546,-0.045597059625042,0.83078750723529,-0.2217199049194657,-0.0909244388084104,0.0,0.0104602109877844,-0.6100230046820827,0.1962280392867393,-0.0912657671231082,-1.0203260381418957,Chad,17723312,0,0,0,1,Healthcare-Strained Regions,Healthcare-Strained Regions,Africa
0.3471336954773984,1.4832135647836646,0.0,-0.0771346587725072,-0.0647081069505546,-0.045597059625042,-0.0433005587526372,-0.1298674762502671,-0.0571926705667233,0.0,0.5407929080684492,-0.2416358510504006,-0.0897931930301039,-0.5504378978091798,0.5411768188515769,Chile,19603736,0,0,0,3,High-Risk Regions,High-Risk Regions,South America
-0.6597013615299571,-0.8854777865364376,0.0,-0.0771346587725072,-0.0647081069505546,-0.045597059625042,-0.7119371708800736,1.960835111689415,0.1704967650646646,0.0,2.702918519243467,0.2181388114246611,-13.369757571236546,-2.0497754673963526,-1.05101960736097,China,1425887360,0,0,-1,6,"High-Case, Low-Mortality Regions","High-Case, Low-Mortality Regions",Asia
-0.3978604766092125,1.1420834722592166,0.0,-0.0771346587725072,-0.0647081069505546,-0.045597059625042,0.6466957747859324,0.8374092533507549,-0.0909244388084104,0.0,0.3776136166590139,-0.4926669409880396,0.1155464652835867,0.4990984009018411,1.3047180048645306,Colombia,51874028,0,0,0,3,High-Risk Regions,High-Risk Regions,South America
-0.9473680414538044,-0.8052813512304686,0.0,-0.0771346587725072,-0.0647081069505546,-0.045597059625042,0.3398965086922914,-0.2217199049194657,-0.0909244388084104,0.0,-0.0711294347169331,-0.5680000475328768,0.1962148055328236,-0.0912657671231082,-0.115135468916761,Comoros,836783,0,0,0,1,Healthcare-Strained Regions,Healthcare-Strained Regions,Africa
-0.9799491416629214,-0.9011615688032784,0.0,-0.0771346587725072,-0.0647081069505546,-0.045597059625042,0.2017671414081702,-0.2217199049194657,-0.0909244388084104,0.0,0.2144343252495786,-0.6051931472016304,0.1959783750385409,-0.0912657671231082,-0.115135468916761,Congo,5970430,0,0,0,1,Healthcare-Strained Regions,Healthcare-Strained Regions,Africa
1.108935867791778,-0.8614023425402444,0.0,-0.0771346587725072,-0.0647081069505546,-0.045597059625042,-0.7736564423530246,-0.2213666263476611,-0.0909244388084104,0.0,-3.2531256172009213,1.1708529508474683,0.1961511481748063,-1.852987411388036,-0.115135468916761,Cook Islands,17032,0,0,-1,7,"High-Case, Low-Mortality Regions","High-Case, Low-Mortality Regions",Oceania
0.165188195770967,0.4252365917849064,0.0,-0.0771346587725072,-0.0647081069505546,-0.045597059625042,-0.3024062964596381,-0.1323404262528994,-0.0909244388084104,0.0,0.4592032623637315,-0.3883558600994812,0.1448642629619317,0.6677738774803981,0.9244106925155208,Costa Rica,5180836,0,0,0,3,High-Risk Regions,High-Risk Regions,North America
-0.9852565618416036,-0.9281661597442978,0.0,-0.0771346587725072,-0.0647081069505546,-0.045597059625042,-0.1831760426227965,-0.2213666263476611,-0.0909244388084104,0.0,0.2144343252495786,-0.6027404772965645,0.1945266077126927,-0.0912657671231082,0.0675184321164809,Cote d'Ivoire,28160548,0,0,0,1,Healthcare-Strained Regions,Healthcare-Strained Regions,Africa
0.5980333284020717,2.5882421346680635,0.0,-0.0771346587725072,-0.0647081069505546,-0.045597059625042,0.1255809095871354,-0.2217199049194657,-0.0909244388084104,0.0,0.4592032623637315,-0.1795197234650044,0.15869325243726,1.1550585875962291,-0.5246991839476578,Croatia,4030361,0,0,-1,1,Healthcare-Strained Regions,Healthcare-Strained Regions,Europe
-0.5147404345050675,-0.3720504425514966,0.0,-0.0771346587725072,-0.0647081069505546,-0.045597059625042,-0.2979686442738019,-0.2217199049194657,-0.0909244388084104,0.0,-0.560667308945239,-0.442402654400361,0.1434446594749954,-0.8409345519166946,-0.2428471362016003,Cuba,11212198,0,0,0,1,Healthcare-Strained Regions,Healthcare-Strained Regions,North America
0.1734402795942046,0.2627962277643963,0.0,-0.0771346587725072,-0.0647081069505546,-0.045597059625042,-0.3631403018322969,-0.2217199049194657,-0.0909244388084104,0.0,0.2960239709542962,0.2967238024909474,0.1946661586202414,0.3304229243232841,-0.7415671392477099,Curacao,191173,0,0,0,1,Healthcare-Strained Regions,Healthcare-Strained Regions,North America
2.801434410042277,0.2810462870613882,0.0,-0.0771346587725072,-0.0647081069505546,-0.045597059625042,-0.6570225280845627,0.4717659315329836,-0.0909244388084104,0.0,0.7039721994778845,0.4284645553812252,0.1683271318163094,-0.2974246829413445,1.3493314417694586,Cyprus,896007,0,0,-1,3,High-Risk Regions,High-Risk Regions,Europe
1.2191410211816835,2.202909919055433,0.0,-1.2620558364013468,-0.0647081069505546,-0.045597059625042,-0.2028296113401355,0.1203146626859837,-0.0848178255922429,0.0,0.4592032623637315,0.1866520544563744,0.0535095359021055,0.058667989835609,-1.0094865894837295,Czechia,10493990,0,0,-1,3,High-Risk Regions,High-Risk Regions,Europe
-0.9956278770088052,-0.9393961149092768,0.0,-0.0771346587725072,-0.0647081069505546,-0.045597059625042,0.1484984882564267,-0.1948707334623154,-0.0656256126271451,0.0,0.1328446795448609,-0.608969661066979,0.193653870568353,-0.0912657671231082,-1.4953178610129092,Democratic Republic of Congo,99010216,0,0,0,3,High-Risk Regions,High-Risk Regions,Africa
1.8565312412902064,0.3026704245887269,0.0,-0.0771346587725072,-0.0647081069505546,-0.045597059625042,-0.6095167585024344,-0.2217199049194657,-0.0909244388084104,0.0,0.5407929080684492,0.9906563311226084,0.0446148548171716,-0.1474909259826272,-0.3184462249870416,Denmark,5882259,0,0,0,3,High-Risk Regions,High-Risk Regions,Europe
-0.9321421904131768,-0.8224613462351369,0.0,-0.0771346587725072,-0.0647081069505546,-0.045597059625042,-0.0155051731960484,-0.2217199049194657,-0.0909244388084104,0.0,-1.4173585888447742,-0.5781695888009636,0.1959673920741259,-0.0912657671231082,-0.7979824748509581,Djibouti,1120851,0,0,0,1,Healthcare-Strained Regions,Healthcare-Strained Regions,Africa
0.0782728072085156,-0.1771078142970223,0.0,-0.0771346587725072,-0.0647081069505546,-0.045597059625042,-0.4942397064157404,-0.2217199049194657,-0.0909244388084104,0.0,0.336818793806655,-0.2223917918355691,0.1957417776726142,-0.0912657671231082,-0.4705137650475617,Dominica,72758,0,0,0,1,Healthcare-Strained Regions,Healthcare-Strained Regions,North America
-0.7126137225258278,-0.6537525457143671,0.0,-0.0771346587725072,-0.0647081069505546,-0.045597059625042,-0.3641706277140158,-0.2217199049194657,-0.0909244388084104,0.0,0.336818793806655,-0.4980831801171288,0.1770688468823203,0.2741977654637652,-0.8629494185218547,Dominican Republic,11228821,0,0,0,1,Healthcare-Strained Regions,Healthcare-Strained Regions,North America
-0.9150590725246738,-0.8724623343728033,0.0,-0.0771346587725072,-0.0647081069505546,-0.045597059625042,-0.4124011724980059,-0.2217199049194657,-0.0909244388084104,0.0,-0.560667308945239,-0.563400747787073,0.1960892594403694,1.4268135220839042,-0.2109276502935878,East Timor,1341298,0,0,0,1,Healthcare-Strained Regions,Healthcare-Strained Regions,Asia
-0.7078238412997044,0.5725640069133798,0.0,-0.0771346587725072,-0.0647081069505546,-0.045597059625042,1.3633611581099243,-0.0521461904532529,-0.0909244388084104,0.0,0.3776136166590139,-0.510851663023816,0.1525526738149039,-0.0162988886437495,1.703222412868345,Ecuador,18001002,0,0,0,3,High-Risk Regions,High-Risk Regions,South America
-0.9778752980934586,-0.7805570035470625,0.0,-0.0771346587725072,-0.0647081069505546,-0.045597059625042,2.3073303218380783,-0.2217199049194657,-0.0909244388084104,0.0,0.581587730920808,-0.6068282009299226,0.1847595636733005,-0.0912657671231082,-0.4219673563340835,Egypt,110990096,0,0,0,1,Healthcare-Strained Regions,Healthcare-Strained Regions,Africa
-0.8447342980526226,-0.4429457884058561,0.0,-0.0771346587725072,-0.0647081069505546,-0.045597059625042,0.5577965166987515,-0.2174805620578104,-0.0909244388084104,0.0,0.4592032623637315,-0.5525669531444152,0.1899672869405179,-0.5879213370488592,2.2359410659694774,El Salvador,6336393,0,0,0,1,Healthcare-Strained Regions,Healthcare-Strained Regions,North America
-0.950588570456102,-0.8676142468308764,0.0,-0.0771346587725072,-0.0647081069505546,-0.045597059625042,-0.103266541367212,-0.2217199049194657,-0.0909244388084104,0.0,0.2552291481019374,-0.5907581789742786,0.1961904416762878,-0.0912657671231082,-1.2513521511301915,Equatorial Guinea,1674916,0,0,0,1,Healthcare-Strained Regions,Healthcare-Strained Regions,Africa
-0.9870891977486476,-0.9294538892908752,0.0,-0.0771346587725072,-0.0647081069505546,-0.045597059625042,-0.1402334016704288,-0.2217199049194657,-0.0909244388084104,0.0,0.2552291481019374,-0.6064621488666182,0.1962882378933914,-0.0912657671231082,-0.115135468916761,Eritrea,3684041,0,0,0,1,Healthcare-Strained Regions,Healthcare-Strained Regions,Africa
1.2513645753997058,0.7689274980741504,0.0,-1.6332400665060636,-0.0647081069505546,-0.045597059625042,-0.4749531057213633,-0.2217199049194657,-0.0909244388084104,0.0,0.4999980852160903,0.446981875891669,0.1659043859444799,0.3304229243232841,-1.0560865100183388,Estonia,1326064,0,0,-1,3,High-Risk Regions,High-Risk Regions,Europe
-0.6938620406763807,-0.0474710554920462,0.0,-0.0771346587725072,-0.0647081069505546,-0.045597059625042,0.4282282602621045,-0.2217199049194657,-0.0909244388084104,0.0,0.1328446795448609,-0.4277291935988723,0.1947229452560652,-0.0912657671231082,-0.890060038521742,Eswatini,1201680,0,0,0,1,Healthcare-Strained Regions,Healthcare-Strained Regions,Africa
-0.9807471404791788,-0.904026715066314,0.0,-0.0771346587725072,-0.0647081069505546,-0.045597059625042,0.1819309180980829,-0.2188936763450289,-0.0909244388084104,0.0,0.2144343252495786,-0.6042367534599479,0.187486416965,-0.0912657671231082,-0.115135468916761,Ethiopia,123379928,0,0,0,1,Healthcare-Strained Regions,Healthcare-Strained Regions,Africa
1.4742149763782275,-0.9507198506685348,0.0,-0.0771346587725072,-0.0647081069505546,-0.045597059625042,-0.7911906024887428,-0.2217199049194657,-0.0909244388084104,0.0,0.8671514908873197,5.029544487709457,0.1963072185537492,-0.0912657671231082,-0.115135468916761,Falkland Islands,3801,0,0,1,7,"High-Case, Low-Mortality Regions","High-Case, Low-Mortality Regions",South America
2.1911730572614214,-0.549763825701489,0.0,-0.0771346587725072,-0.0647081069505546,-0.045597059625042,-0.7391668940590611,-0.2217199049194657,-0.0909244388084104,0.0,0.4592032623637315,2.123685128785224,0.1948721868845336,-0.4379875800901419,3.5984431810951825,Faroe Islands,53117,0,0,-1,1,Healthcare-Strained Regions,Healthcare-Strained Regions,Europe
-0.6373443977945257,-0.2267166941746523,0.0,-0.0771346587725072,-0.0647081069505546,-0.045597059625042,0.0341728418622986,-0.2217199049194657,-0.0909244388084104,0.0,-0.7238466003546743,-0.3824867007169552,0.1930912514197241,-0.7378550940075765,-0.2277274004026487,Fiji,929769,0,0,0,1,Healthcare-Strained Regions,Healthcare-Strained Regions,Oceania
0.3234312035811241,0.6233210937283806,0.0,-0.0771346587725072,-0.0647081069505546,-0.045597059625042,-0.298866787831966,-0.2217199049194657,-0.0909244388084104,0.0,0.4592032623637315,-0.2870665623679876,0.077912600459364,0.0492971300256892,0.0415115957981119,Finland,5540745,0,0,0,1,Healthcare-Strained Regions,Healthcare-Strained Regions,Europe
1.8125015271222624,0.9346812406838092,0.0,-0.0771346587725072,-0.0647081069505546,-0.045597059625042,-0.5136320726188102,-0.2217199049194657,-0.0909244388084104,0.0,0.6223825537731668,0.4301000521811884,-2.317119685889992,0.0305554104058495,0.0069392222382297,France,67813000,0,0,-1,3,High-Risk Regions,High-Risk Regions,Europe
0.5740460118348555,0.0807060456110314,0.0,-0.0771346587725072,-0.0647081069505546,-0.045597059625042,-0.5199285194862272,-0.2217199049194657,-0.0909244388084104,0.0,0.336818793806655,0.4722360338380921,0.193032393431717,-0.0912657671231082,-0.115135468916761,French Guiana,304568,0,0,0,1,Healthcare-Strained Regions,Healthcare-Strained Regions,South America
0.2672620033793129,0.6634526856475892,0.0,-0.0771346587725072,-0.0647081069505546,-0.045597059625042,-0.2639477036013127,-0.2026428620420168,-0.0909244388084104,0.0,-0.560667308945239,0.1559175563165726,0.1932612593570124,0.55532355976136,0.5614837632499348,French Polynesia,306292,0,0,0,1,Healthcare-Strained Regions,Healthcare-Strained Regions,Oceania
-0.9001806719315573,-0.852974744642575,0.0,-0.0771346587725072,-0.0647081069505546,-0.045597059625042,-0.3881606876813677,-0.2217199049194657,-0.0909244388084104,0.0,0.2144343252495786,-0.5752056162194152,0.1955206852791482,-0.0912657671231082,-1.360662799052188,Gabon,2388997,0,0,0,1,Healthcare-Strained Regions,Healthcare-Strained Regions,Africa
-0.9777919668236228,-0.8461544030198754,0.0,-0.0771346587725072,-0.0647081069505546,-0.045597059625042,1.1059063764147337,-0.2217199049194657,-0.0909244388084104,0.0,-0.7238466003546743,-0.6006103072628366,0.196105445034224,-0.0912657671231082,-1.3185507308813595,Gambia,2705995,0,0,0,1,Healthcare-Strained Regions,Healthcare-Strained Regions,Africa
1.4340524185228556,2.533101516961109,0.0,-0.0771346587725072,-0.0647081069505546,-0.045597059625042,-0.1986000818404366,-0.180739590590131,-0.0909244388084104,0.0,0.4999980852160903,0.5734000306371728,0.1306884768504191,-0.0912657671231082,0.4451444629744381,Georgia,3744385,0,0,0,3,High-Risk Regions,High-Risk Regions,Asia
1.2547298318582112,0.6457076964840979,0.0,-0.0771346587725072,-0.0647081069505546,-0.045597059625042,-0.4980508764350326,-0.2217199049194657,-0.0909244388084104,0.0,1.1119204280014727,-0.0543217200331438,-2.0597812725648432,-0.2505703838917453,0.1745115463663605,Germany,83369840,0,0,-1,3,High-Risk Regions,High-Risk Regions,Europe
-0.9754753517515192,-0.9175007591658972,0.0,-0.0771346587725072,-0.0647081069505546,-0.045597059625042,-0.244037105900898,-0.2199535120604427,-0.0909244388084104,0.0,0.1736395023972197,-0.6046696596839061,0.1929227794955844,-0.0912657671231082,-0.6676381879270007,Ghana,33475870,0,0,0,1,Healthcare-Strained Regions,Healthcare-Strained Regions,Africa
2.0757206429434145,1.6795997200362056,0.0,-0.0771346587725072,-0.0647081069505546,-0.045597059625042,-0.4371008238939956,-0.2217199049194657,-0.0909244388084104,0.0,0.4184084395113727,0.3275727272215804,0.1954577668711668,-1.6843119348094793,2.6242287399395785,Gibraltar,32677,0,0,-1,1,Healthcare-Strained Regions,Healthcare-Strained Regions,Europe
1.6719211062072596,1.924659116901064,0.0,-0.0771346587725072,-0.0647081069505546,-0.045597059625042,-0.3456266687325131,5.909076430177736,0.9969250869859988,0.0,0.336818793806655,0.0677497210363091,-0.1584233692082983,-0.1943452250322263,-0.9412357042513464,Greece,10384972,0,0,-1,3,High-Risk Regions,High-Risk Regions,Europe
0.0359373355289988,-0.66797857046832,0.0,-0.0771346587725072,-0.0647081069505546,-0.045597059625042,-0.6782277535148116,-0.2217199049194657,-0.0909244388084104,0.0,0.2552291481019374,0.9644039211212024,0.1958039849291866,-0.5223253183794204,3.412692633763943,Greenland,56494,0,0,-1,1,Healthcare-Strained Regions,Healthcare-Strained Regions,North America
-0.2327715347099588,0.4922172045804617,0.0,-0.0771346587725072,-0.0647081069505546,-0.045597059625042,-0.0129536483717869,-0.2217199049194657,-0.0909244388084104,0.0,0.2144343252495786,-0.1765620029713428,0.1952042027901611,-0.0912657671231082,-0.6446530751882065,Grenada,125459,0,0,0,1,Healthcare-Strained Regions,Healthcare-Strained Regions,North America
1.5114355338863292,1.0115733586445153,0.0,-0.0771346587725072,-0.0647081069505546,-0.045597059625042,-0.467690804897323,-0.2217199049194657,-0.0909244388084104,0.0,0.336818793806655,0.6502581626906404,0.1831944609837155,-0.0912657671231082,-0.115135468916761,Guadeloupe,395762,0,0,0,1,Healthcare-Strained Regions,Healthcare-Strained Regions,North America
0.4883246722404578,0.9045457447244786,0.0,-0.0771346587725072,-0.0647081069505546,-0.045597059625042,-0.2751699645053017,-0.2217199049194657,-0.0909244388084104,0.0,0.4184084395113727,0.3927222876675428,0.194510615837089,-0.0912657671231082,-0.115135468916761,Guam,171783,0,0,0,1,Healthcare-Strained Regions,Healthcare-Strained Regions,Oceania
-0.6578400854618301,-0.0895318036990093,0.0,-0.0771346587725072,-0.0647081069505546,-0.045597059625042,0.2492654583104003,-0.2203067906322473,-0.0909244388084104,0.0,1.3566893651156255,-0.5484102598343982,0.1478819691123987,-0.0912657671231082,-0.1888488113219294,Guatemala,17843914,0,0,0,1,Healthcare-Strained Regions,Healthcare-Strained Regions,North America
1.728085325172601,-0.1460005396455459,0.0,-0.0771346587725072,-0.0647081069505546,-0.045597059625042,-0.6690592655812386,-0.2217199049194657,-0.0909244388084104,0.0,0.7447670223302433,0.7431755787775983,0.1946395424605691,1.2487671856954274,-0.115135468916761,Guernsey,63329,0,0,0,7,"High-Case, Low-Mortality Regions","High-Case, Low-Mortality Regions",Europe
-0.987004128554722,-0.9250351048096056,0.0,-0.0771346587725072,-0.0647081069505546,-0.045597059625042,-0.0098858464464576,-0.2217199049194657,-0.0909244388084104,0.0,0.2552291481019374,-0.6071990030876274,0.1960428080298456,-0.0912657671231082,-0.8587694665254374,Guinea,13859349,0,0,0,1,Healthcare-Strained Regions,Healthcare-Strained Regions,Africa
-0.9782828196195498,-0.886779683036798,0.0,-0.0771346587725072,-0.0647081069505546,-0.045597059625042,0.3943486057930618,-0.2217199049194657,-0.0909244388084104,0.0,0.2552291481019374,-0.6050401299802118,0.1962788910507272,-0.0912657671231082,-1.0333349855357217,Guinea-Bissau,2105580,0,0,0,1,Healthcare-Strained Regions,Healthcare-Strained Regions,Africa
-0.5503344295643852,0.2738435987836506,0.0,-0.0771346587725072,-0.0647081069505546,-0.045597059625042,0.335057029043432,-0.2058223691882583,-0.0909244388084104,0.0,0.336818793806655,-0.3736390722456008,0.1945324356588281,-0.0912657671231082,0.263843525699973,Guyana,808727,0,0,0,1,Healthcare-Strained Regions,Healthcare-Strained Regions,South America
-0.9860693796115902,-0.8942554722536437,0.0,-0.0771346587725072,-0.0647081069505546,-0.045597059625042,0.8160480399725333,-0.2217199049194657,-0.0909244388084104,0.0,-3.1715359714962035,-0.6076266985371681,0.1956047474659576,-0.0912657671231082,-1.7990393615752691,Haiti,11585003,0,0,0,1,Healthcare-Strained Regions,Healthcare-Strained Regions,North America
-0.7788871405987212,-0.1404319629260902,0.0,-0.0771346587725072,-0.0647081069505546,-0.045597059625042,0.7222017147139791,-0.2185403977732243,-0.0909244388084104,0.0,-0.560667308945239,-0.581341861871844,0.1859934046801779,1.885985652769976,0.1117861407998823,Honduras,10432858,0,0,0,1,Healthcare-Strained Regions,Healthcare-Strained Regions,North America
-1.0006183833350335,-0.9507198506685348,0.0,13.074813795699596,-0.0647081069505546,-0.045597059625042,-0.2520355810017856,-0.2217199049194657,-0.0909244388084104,0.0,0.336818793806655,-0.6110052605242198,0.1964556919761679,-0.2224578044619858,-0.1030753645535731,Hong Kong,7488863,0,0,-1,4,"High-Case, Low-Mortality Regions","High-Case, Low-Mortality Regions",Asia
0.0942136060082829,2.79262743165216,0.0,-0.0771346587725072,-0.0647081069505546,-0.045597059625042,0.6247717628452425,-0.132693704824704,-0.0740585546875668,0.0,0.4592032623637315,-0.2930783847827788,0.1315143600661441,-0.4848418791397411,0.671356035913229,Hungary,9967304,0,0,0,3,High-Risk Regions,High-Risk Regions,Europe
1.7590743764772632,-0.5713268469785221,0.0,-0.0771346587725072,-0.0647081069505546,-0.045597059625042,-0.7342571326858817,-0.1803863120183264,-0.0909244388084104,0.0,0.8263566680349609,0.927393246697396,0.1884383297825894,-0.54106703799926,3.5577763905395168,Iceland,372903,0,0,-1,3,High-Risk Regions,High-Risk Regions,Europe
-0.845144703789709,-0.6643126815389426,0.0,-0.4271071241839042,-0.0647081069505546,-0.045597059625042,-0.0282933046309646,0.0330792194896798,-0.0848178255922429,0.0,-0.9278207146164684,-0.5545524521924574,-1.322874004641223,1.2487671856954274,-0.6634014938203147,India,1417173120,0,0,-1,3,High-Risk Regions,High-Risk Regions,Asia
-0.8793567784886093,-0.503293370165491,0.0,-0.0771346587725072,-0.0647081069505546,-0.045597059625042,0.7368589608663489,-0.1885117191698324,-0.0909244388084104,0.0,0.5407929080684492,-0.5696852887457919,0.0035884613116647,1.558005559422782,1.0652205763399545,Indonesia,275501344,0,0,0,0,High-Risk Regions,High-Risk Regions,Asia
-0.5792362865027176,0.3105743607682971,0.0,-0.0771346587725072,-0.0647081069505546,-0.045597059625042,0.4484031868023692,-0.2217199049194657,-0.0909244388084104,0.0,-0.4790776632405213,-0.5219508481703751,-0.077879059784071,0.0211845505959297,0.082834925158081,Iran,88550568,0,0,0,3,High-Risk Regions,High-Risk Regions,Asia
-0.7295647091846388,-0.5169532389357756,0.0,-0.0771346587725072,-0.0647081069505546,-0.045597059625042,-0.1284556276160306,-0.2217199049194657,-0.0909244388084104,0.0,-0.6014621317975978,-0.5564556526350555,0.1269547342811414,-0.0912657671231082,-1.2140002460010717,Iraq,44496124,0,0,0,1,Healthcare-Strained Regions,Healthcare-Strained Regions,Asia
0.6988354183264465,0.5247726631306411,0.0,-0.0771346587725072,-0.0647081069505546,-0.045597059625042,-0.4316344569012104,0.714115031790946,0.1198991127021339,0.0,0.336818793806655,0.2471918777420763,0.1226963466204289,-1.5156364582309223,-1.401078734296971,Ireland,5023108,0,0,0,3,High-Risk Regions,High-Risk Regions,Europe
1.1988014892934349,0.0930357542901842,0.0,-0.0771346587725072,-0.0647081069505546,-0.045597059625042,-0.5946601994310358,-0.2217199049194657,-0.0909244388084104,0.0,1.234304896558549,0.3018977460599401,0.1961240001631212,-0.5785504772389394,2.5887872123713285,Isle of Man,84534,0,0,-1,1,Healthcare-Strained Regions,Healthcare-Strained Regions,Europe
1.5058592687597985,0.0721713246299257,0.0,-0.0771346587725072,-0.0647081069505546,-0.045597059625042,-0.6221836136699184,-0.2217199049194657,-0.0909244388084104,0.0,0.4999980852160903,0.9183496242467684,-0.1252096980653406,-1.1408020658341291,-0.9768148887658682,Israel,9449000,0,0,0,3,High-Risk Regions,High-Risk Regions,Asia
1.2184201748355916,1.5913471421644785,0.0,-0.0771346587725072,15.263211249388782,14.711708993845985,-0.3167725439348268,10.146741218616985,0.506760329723983,0.0,0.5407929080684492,0.0164274326987377,-1.5439448985919515,-0.1474909259826272,-0.3397997996866084,Italy,59037472,1,1,-1,5,"High-Case, Low-Mortality Regions","High-Case, Low-Mortality Regions",Europe
-0.7286739924446265,0.0207185131907878,0.0,-0.0771346587725072,-0.0647081069505546,-0.045597059625042,0.6881705632273019,-0.1991100763239707,-0.0824914967479886,0.0,0.2960239709542962,-0.5160228353374784,0.1914609739966029,-0.0912657671231082,-1.2466201144271851,Jamaica,2827382,0,0,0,3,High-Risk Regions,High-Risk Regions,North America
0.3334394819127948,-0.4923611340247741,0.0,-0.0771346587725072,-0.0647081069505546,-0.045597059625042,-0.6489020713762977,-0.2217199049194657,-0.0909244388084104,0.0,1.8054324164915725,-0.258242049692673,-3.4203862089747976,-0.4005041408504626,0.3129491985759677,Japan,123951696,0,0,-1,3,High-Risk Regions,High-Risk Regions,Asia
1.9306101221270464,0.1545645618960323,0.0,-0.0771346587725072,-0.0647081069505546,-0.045597059625042,-0.6350328898643439,-0.2217199049194657,-0.0909244388084104,0.0,0.2552291481019374,0.3209360861737719,0.1917187373491952,-0.9721265892555724,-0.6020571651171511,Jersey,110796,0,0,0,1,Healthcare-Strained Regions,Healthcare-Strained Regions,Europe
-0.2433994398494614,0.0010528025632429,0.0,-0.0771346587725072,-0.0647081069505546,-0.045597059625042,-0.2706545419483059,-0.2217199049194657,-0.0909244388084104,0.0,0.4999980852160903,-0.2575505474194033,0.1529583312747471,-0.0912657671231082,0.3219350962647268,Jordan,11285875,0,0,0,1,Healthcare-Strained Regions,Healthcare-Strained Regions,Asia
-0.6212489806090538,-0.2028748774948203,0.0,-0.0771346587725072,-0.0647081069505546,-0.045597059625042,0.0251818600657926,-0.2217199049194657,-0.0909244388084104,0.0,0.336818793806655,-0.4645544876454987,0.1634113795711089,2.804329914142119,0.2509173216027396,Kazakhstan,19397998,0,0,0,0,High-Risk Regions,High-Risk Regions,Asia
-0.969462357971502,-0.8706270571809545,0.0,-0.0771346587725072,-0.0647081069505546,-0.045597059625042,0.2734192021265249,-0.2213666263476611,-0.0909244388084104,0.0,0.1736395023972197,-0.6007206580887938,0.1890051947935789,-0.0912657671231082,-0.923720243442873,Kenya,54027484,0,0,0,1,Healthcare-Strained Regions,Healthcare-Strained Regions,Africa
-0.8110791105533036,-0.8116198287136555,0.0,-0.0771346587725072,-0.0647081069505546,-0.045597059625042,-0.4872651601362932,-0.2217199049194657,-0.0909244388084104,0.0,-1.5397430574018507,-0.2791531431647197,0.1964048403829276,1.6798267369517397,-0.115135468916761,Kiribati,131237,0,0,0,1,Healthcare-Strained Regions,Healthcare-Strained Regions,Oceania
-0.2359650144998275,-0.4927985801083142,0.0,-0.0771346587725072,-0.0647081069505546,-0.045597059625042,-0.5431828368052276,-0.2217199049194657,-0.0909244388084104,0.0,0.4592032623637315,-0.3307746217764239,0.1786734841509283,0.6490321578605583,-1.107425971333661,Kuwait,4268886,0,0,0,1,Healthcare-Strained Regions,Healthcare-Strained Regions,Asia
-0.9349931377513924,-0.8332522757910363,0.0,-0.0771346587725072,-0.0647081069505546,-0.045597059625042,-0.0499040357311578,-0.2217199049194657,-0.0909244388084104,0.0,-3.579484200019792,-0.5664066657181804,0.1902704319475036,-0.0912657671231082,-1.4937584445275365,Kyrgyzstan,6630621,0,0,0,1,Healthcare-Strained Regions,Healthcare-Strained Regions,Asia
-0.8582994044211164,-0.8829354188445223,0.0,-0.0771346587725072,-0.0647081069505546,-0.045597059625042,-0.593945508546246,-0.2217199049194657,-0.0909244388084104,0.0,0.6631773766255256,-0.5506154929605875,0.1909829676139217,0.5646944195712799,2.0789722689373544,Laos,7529477,0,0,0,1,Healthcare-Strained Regions,Healthcare-Strained Regions,Asia
1.5838653546281496,2.121541926342937,0.0,-0.0771346587725072,-0.0647081069505546,-0.045597059625042,-0.298897803952562,-0.2217199049194657,-0.0909244388084104,0.0,0.4999980852160903,0.4704196085071018,0.1366423087121437,0.6771447372903179,1.8120474271071536,Latvia,1850654,0,0,0,1,Healthcare-Strained Regions,Healthcare-Strained Regions,Europe
0.1042244811957968,0.5660345941228866,0.0,-0.0771346587725072,-0.0647081069505546,-0.045597059625042,-0.222660021638563,-0.2217199049194657,-0.0909244388084104,0.0,0.5407929080684492,-0.3034511541447542,0.1637817479850895,-0.0912657671231082,0.3449574921479686,Lebanon,5489744,0,0,0,1,Healthcare-Strained Regions,Healthcare-Strained Regions,Asia
-0.9239525027189224,-0.7168404597052318,0.0,-0.0771346587725072,-0.0647081069505546,-0.045597059625042,0.4721745532139388,-0.2217199049194657,-0.0909244388084104,0.0,-0.1935139032740096,-0.5773852666266166,0.1957322706921118,-0.0912657671231082,-0.115135468916761,Lesotho,2305826,0,0,0,1,Healthcare-Strained Regions,Healthcare-Strained Regions,Africa
-0.9933029257678326,-0.9085479337035918,0.0,-0.0771346587725072,-0.0647081069505546,-0.045597059625042,1.5961859058261405,-0.2217199049194657,-0.0909244388084104,0.0,-0.8870258917641095,-0.6047146454845107,0.1962386023608593,2.19522402649733,1.1068057396624151,Liberia,5302690,0,0,0,0,High-Risk Regions,High-Risk Regions,Africa
-0.6363627312583781,-0.2320007449858959,0.0,-0.0771346587725072,-0.0647081069505546,-0.045597059625042,0.0259409102679275,-0.2217199049194657,-0.0909244388084104,0.0,0.336818793806655,-0.4980966630971343,0.1873063635120411,-0.0912657671231082,-0.9033239097942456,Libya,6812344,0,0,0,1,Healthcare-Strained Regions,Healthcare-Strained Regions,Africa
1.6827298643961246,0.7694143897234436,0.0,-0.0771346587725072,-0.0647081069505546,-0.045597059625042,-0.5257151496556943,-0.2203067906322473,-0.0909244388084104,0.0,0.7039721994778845,0.2417872067849348,0.1957082237003742,-0.0912657671231082,-0.115135468916761,Liechtenstein,39355,0,0,0,1,Healthcare-Strained Regions,Healthcare-Strained Regions,Europe
1.4351654594906171,1.7625900836504158,0.0,0.2728378066388977,-0.0647081069505546,-0.045597059625042,-0.3298733163244159,0.2095306665073101,-0.0852118006384473,0.0,0.3776136166590139,0.3268847938076555,0.1341856498324844,-0.0725240475032685,-1.026971801527489,Lithuania,2750058,0,0,0,3,High-Risk Regions,High-Risk Regions,Europe
1.972061365588984,0.2238118427978439,0.0,-0.0771346587725072,-0.0647081069505546,-0.045597059625042,-0.627563332468198,0.0301677167772211,-0.0909244388084104,0.0,0.4184084395113727,0.2194959811357521,0.1721259467277894,6.140356006473579,-0.0645625135201686,Luxembourg,647601,0,0,-1,0,High-Risk Regions,High-Risk Regions,Europe
-0.989291352303706,-0.9140392149794164,0.0,-0.0771346587725072,-0.0647081069505546,-0.045597059625042,0.549905289478986,-0.2206600692040519,-0.0824914967479886,0.0,-1.3357689431400566,-0.6069195298667734,0.1943970648742043,-0.0912657671231082,-1.612048406389828,Madagascar,29611718,0,0,0,1,Healthcare-Strained Regions,Healthcare-Strained Regions,Africa
-0.979242198045638,-0.850596611358747,0.0,-0.0771346587725072,-0.0647081069505546,-0.045597059625042,1.1485504427558544,-0.2217199049194657,-0.0909244388084104,0.0,-1.90689646307308,-0.6014774482950523,0.1927957308306726,-0.0912657671231082,-1.302014453208772,Malawi,20405318,0,0,0,1,Healthcare-Strained Regions,Healthcare-Strained Regions,Africa
-0.2353358504930339,-0.1136041736457455,0.0,7.561453624889002,-0.2509304368601815,-4.133191160836251,-0.338185865629227,0.8695689994679359,-0.0909244388084104,0.0,0.8671514908873197,-0.4363151877964205,0.0233994268134921,-0.2037160848421461,-0.7961763856327464,Malaysia,33938216,0,0,-1,4,"High-Case, Low-Mortality Regions","High-Case, Low-Mortality Regions",Asia
0.7429182300435413,-0.4918436881904716,0.0,-0.0771346587725072,-0.0647081069505546,-0.045597059625042,-0.682196375683905,-0.2217199049194657,-0.0909244388084104,0.0,0.4184084395113727,0.429842955195535,0.1893428729998754,-0.9721265892555724,0.4551161261793386,Maldives,523798,0,0,0,1,Healthcare-Strained Regions,Healthcare-Strained Regions,Asia
-0.9934375930057036,-0.9257062813768776,0.0,-0.0771346587725072,-0.0647081069505546,-0.045597059625042,0.6513979792555123,-0.2217199049194657,-0.0909244388084104,0.0,0.1736395023972197,-0.6060679833958188,0.1954858937712174,-0.0912657671231082,-1.4087232956599474,Mali,22593598,0,0,0,1,Healthcare-Strained Regions,Healthcare-Strained Regions,Africa
0.1257563084495195,0.3643150796255434,0.0,-0.0771346587725072,-0.0647081069505546,-0.045597059625042,-0.3076939474124529,-0.0708699547588973,-0.0403267864458797,0.0,0.2552291481019374,-0.1663674330609941,0.1899017253622039,-0.7191133743877368,-0.09766838673497,Malta,533293,0,0,0,3,High-Risk Regions,High-Risk Regions,Europe
0.9160720108932184,-0.6398340216408414,0.0,-0.0771346587725072,-0.0647081069505546,-0.045597059625042,-0.7240186412275764,-0.2058223691882583,-0.0909244388084104,0.0,0.2144343252495786,5.769803521631307,0.1950172250512179,-0.0912657671231082,-0.115135468916761,Marshall Islands,41593,0,0,1,7,"High-Case, Low-Mortality Regions","High-Case, Low-Mortality Regions",Oceania
2.06549902287671,1.3341938412366396,0.0,-0.0771346587725072,-0.0647081069505546,-0.045597059625042,-0.4825734296996378,-0.2217199049194657,-0.0909244388084104,0.0,0.6631773766255256,0.4767426433359311,0.1834219463458108,-0.0912657671231082,-0.115135468916761,Martinique,367512,0,0,0,1,Healthcare-Strained Regions,Healthcare-Strained Regions,North America
-0.9346478522486288,-0.7906010503775684,0.0,-0.0771346587725072,-0.0647081069505546,-0.045597059625042,0.2139606451491891,-0.2206600692040519,-0.0909244388084104,0.0,0.2960239709542962,-0.5722250024529805,0.1953918573415709,-0.0912657671231082,-0.7712422439872049,Mauritania,4736146,0,0,0,1,Healthcare-Strained Regions,Healthcare-Strained Regions,Africa
0.234733046967653,-0.3226570932662406,0.0,-0.0771346587725072,-0.0647081069505546,-0.045597059625042,-0.5806423757486675,-0.2217199049194657,-0.0909244388084104,0.0,0.4592032623637315,-0.1684842926748239,0.1801460469564085,-1.1220603462142895,-0.2631497768587276,Mauritius,1299478,0,0,0,1,Healthcare-Strained Regions,Healthcare-Strained Regions,Africa
-0.3702058697749844,-0.5145599393671229,0.0,-0.0771346587725072,-0.0647081069505546,-0.045597059625042,-0.5046672727386887,-0.2217199049194657,-0.0909244388084104,0.0,0.2960239709542962,0.2028138134660683,0.1955900278071776,-0.0912657671231082,-0.115135468916761,Mayotte,326113,0,0,0,1,Healthcare-Strained Regions,Healthcare-Strained Regions,Africa
-0.7082944267991431,1.0450495747596344,0.0,-0.0771346587725072,-0.0647081069505546,-0.045597059625042,2.0361948940624908,0.5427749244657102,0.077734402400025,0.0,0.4592032623637315,-0.5178095372451882,-0.0516041242623754,0.8458202138688748,1.6867426792731732,Mexico,127504120,0,0,0,3,High-Risk Regions,High-Risk Regions,North America
0.3602965358848463,-0.5177046161283095,0.0,-0.0771346587725072,-0.0647081069505546,-0.045597059625042,-0.6594222032632543,-0.2217199049194657,-0.0909244388084104,0.0,-2.6412032744155387,1.0178243736540022,0.1967917756999881,-0.0912657671231082,-0.115135468916761,Micronesia (country),114178,0,0,0,7,"High-Case, Low-Mortality Regions","High-Case, Low-Mortality Regions",Oceania
-0.0477930747368195,1.894959509463085,0.0,-0.0771346587725072,-0.0647081069505546,-0.045597059625042,0.4456443469092638,0.3113774599336907,-0.0487597285063015,0.0,0.4184084395113727,-0.3321540105557585,0.1785709293217437,-0.0912657671231082,-0.5893778184466401,Moldova,3272993,0,0,0,3,High-Risk Regions,High-Risk Regions,Europe
1.3025581118650051,0.4458455832131034,0.0,-0.0771346587725072,-0.0647081069505546,-0.045597059625042,-0.5400753235413887,-0.2217199049194657,-0.0909244388084104,0.0,0.7039721994778845,0.1486275086096035,0.1955064374243073,-0.8034511126770153,-0.115135468916761,Monaco,36491,0,0,0,1,Healthcare-Strained Regions,Healthcare-Strained Regions,Europe
0.4553591258913979,-0.4726377823567185,0.0,-0.0771346587725072,-0.0647081069505546,-0.045597059625042,-0.6552069014121752,-0.2217199049194657,-0.0909244388084104,0.0,-0.1527190804216508,-0.148613318828276,0.1555196452540087,-1.478153018991243,0.4299163680990335,Mongolia,3398373,0,0,0,1,Healthcare-Strained Regions,Healthcare-Strained Regions,Asia
0.9595714639178704,2.268486639920034,0.0,-0.0771346587725072,-0.0647081069505546,-0.045597059625042,-0.1110639906484824,-0.2217199049194657,-0.0909244388084104,0.0,-0.0303346118645743,0.1841608660155874,0.1904932304757217,-0.0912657671231082,0.0821731529369944,Montenegro,627082,0,0,0,1,Healthcare-Strained Regions,Healthcare-Strained Regions,Europe
0.5545889321166735,0.4281659852172941,0.0,-0.0771346587725072,-0.0647081069505546,-0.045597059625042,-0.4240105420558118,-0.2217199049194657,-0.0909244388084104,0.0,0.9487411365920372,1.3415859596031112,0.1963469356025019,-0.0912657671231082,-0.7045606102178317,Montserrat,4413,0,0,0,1,Healthcare-Strained Regions,Healthcare-Strained Regions,North America
-0.8335747869261847,-0.6196278050975036,0.0,-0.0771346587725072,-0.0647081069505546,-0.045597059625042,0.0296484006656443,-0.2217199049194657,-0.0909244388084104,0.0,-0.560667308945239,-0.5604871968457985,0.1537637085052924,0.0211845505959297,0.0811183243576388,Morocco,37457976,0,0,0,1,Healthcare-Strained Regions,Healthcare-Strained Regions,Africa
-0.9659226320027936,-0.8987647712787039,0.0,-0.0771346587725072,-0.0647081069505546,-0.045597059625042,-0.1710491170576899,-0.2210133477758565,-0.0909244388084104,0.0,0.1328446795448609,-0.5872085664393398,0.191101204469455,3.2353894653984314,0.1688557608659459,Mozambique,32969520,0,0,0,0,High-Risk Regions,High-Risk Regions,Africa
-0.9425734450432464,-0.6770419518534884,0.0,-0.0771346587725072,-0.0647081069505546,-0.045597059625042,1.1614145993758245,-0.1984035191803615,-0.0909244388084104,0.0,-0.8054362460593919,-0.5894380897882507,0.1650877395971421,2.110886288208052,0.4350804529264606,Myanmar,54179312,0,0,0,0,High-Risk Regions,High-Risk Regions,Asia
-0.6718373230484959,0.2665104557087712,0.0,-0.0771346587725072,-0.0647081069505546,-0.045597059625042,0.7420313685448042,-0.2192469549168335,-0.0909244388084104,0.0,-0.8870258917641095,-0.4748361484314208,0.1899559550671997,-0.0912657671231082,-1.1749946918046728,Namibia,2567024,0,0,0,1,Healthcare-Strained Regions,Healthcare-Strained Regions,Africa
1.0781165909897512,-0.8907854168791941,0.0,-0.0771346587725072,-0.0647081069505546,-0.045597059625042,-0.7792502718567337,-0.2217199049194657,-0.0909244388084104,0.0,-3.130741148643845,4.118756064220001,0.1959128383556233,-1.852987411388036,-0.115135468916761,Nauru,12691,0,0,-1,7,"High-Case, Low-Mortality Regions","High-Case, Low-Mortality Regions",Oceania
-0.8399304045479247,-0.6511507045002555,0.0,-0.0771346587725072,-0.0647081069505546,-0.045597059625042,-0.0191275624995511,-0.2217199049194657,-0.0909244388084104,0.0,-0.8462310689117507,-0.5532960397572736,0.1559588753122608,0.5365818401415204,1.2064204114488133,Nepal,30547586,0,0,0,1,Healthcare-Strained Regions,Healthcare-Strained Regions,Asia
1.4057093062064965,0.0447124530684731,0.0,-0.0771346587725072,-0.0647081069505546,-0.045597059625042,-0.6198753499542077,0.244961088434424,-0.0909244388084104,0.0,0.4999980852160903,0.430551924620888,-0.2650730809292204,-0.213086944652066,-0.656588609307415,Netherlands,17564020,0,0,0,3,High-Risk Regions,High-Risk Regions,Europe
0.3517715061668413,-0.1270269825208194,0.0,-0.0771346587725072,-0.0647081069505546,-0.045597059625042,-0.5389572807205263,-0.2217199049194657,-0.0909244388084104,0.0,0.4184084395113727,0.3221164936163587,0.1907160605746539,0.3023103448935246,-0.1346101298867729,New Caledonia,289959,0,0,0,1,Healthcare-Strained Regions,Healthcare-Strained Regions,Oceania
1.4890348971003984,-0.3223016621624149,0.0,-0.0771346587725072,-0.0647081069505546,-0.045597059625042,-0.6866586780699169,1.3844611217901934,0.3391556062731001,0.0,0.6631773766255256,0.1820671315259335,-0.0124937276039546,0.1523765879348073,0.7276788240564596,New Zealand,5185289,0,0,-1,3,High-Risk Regions,High-Risk Regions,Oceania
-0.9892239494841542,-0.9239001555721812,0.0,-0.0771346587725072,-0.0647081069505546,-0.045597059625042,0.1835749062609753,-0.2181871192014196,-0.0909244388084104,0.0,-3.212330794348562,-0.6084577770891757,0.1960650884218318,-0.1662326456024668,1.2435691768281525,Nicaragua,6948395,0,0,-1,1,Healthcare-Strained Regions,Healthcare-Strained Regions,North America
-0.9988418364825888,-0.941577682139326,0.0,-0.0771346587725072,-0.0647081069505546,-0.045597059625042,1.3399476593313826,-0.2217199049194657,-0.0909244388084104,0.0,0.2144343252495786,-0.6104223641542872,0.1962729027831887,-0.0912657671231082,-1.2061329204852922,Niger,26207982,0,0,0,1,Healthcare-Strained Regions,Healthcare-Strained Regions,Africa
-0.9946377367309276,-0.9397389425086718,0.0,-0.0771346587725072,-0.0647081069505546,-0.045597059625042,-0.0308132248537753,-0.2217199049194657,-0.0909244388084104,0.0,0.2552291481019374,-0.6093304116780994,0.192907884516178,-0.0912657671231082,-0.8730132648917623,Nigeria,218541216,0,0,0,1,Healthcare-Strained Regions,Healthcare-Strained Regions,Africa
1.6908483413784476,-0.9507198506685348,0.0,-0.0771346587725072,-0.0647081069505546,-0.045597059625042,-0.7911906024887428,-0.2217199049194657,-0.0909244388084104,0.0,-1.866101640220721,1.7083919391065736,0.1964075965235217,-1.7967622525285174,-0.115135468916761,Niue,1952,0,0,-1,7,"High-Case, Low-Mortality Regions","High-Case, Low-Mortality Regions",Oceania
-1.0006183833350335,-0.9507198506685348,0.0,-0.0771346587725072,-0.0647081069505546,-0.045597059625042,-0.2520355810017856,-0.2217199049194657,-0.0909244388084104,0.0,0.336818793806655,-0.6110052605242198,0.1964556919761679,-0.0912657671231082,-0.115135468916761,North Korea,26069416,0,0,0,1,Healthcare-Strained Regions,Healthcare-Strained Regions,Asia
-0.1806772693686563,2.67438686875353,0.0,-0.0771346587725072,-0.0647081069505546,-0.045597059625042,1.039762420148886,-0.1316338691092902,-0.0824914967479886,0.0,0.4592032623637315,-0.4452446699991952,0.1871880874026462,-0.0912657671231082,-0.3517768767550666,North Macedonia,2093606,0,0,0,3,High-Risk Regions,High-Risk Regions,Europe
0.4708349035388965,-0.3216452577762659,0.0,-0.0771346587725072,-0.0647081069505546,-0.045597059625042,-0.6141410902143708,-0.1747338548694526,-0.0909244388084104,0.0,0.336818793806655,0.2303850156603635,0.1957424533209168,-0.0912657671231082,-0.115135468916761,Northern Mariana Islands,49574,0,0,0,3,High-Risk Regions,High-Risk Regions,Oceania
0.3610037719546878,-0.1484270322182504,0.0,-0.0771346587725072,-0.0647081069505546,-0.045597059625042,-0.5471762540253051,0.5152191958649506,-0.0909244388084104,0.0,0.581587730920808,0.1510824183188539,0.133676871924318,0.114893148695128,0.9970856199105884,Norway,5434324,0,0,0,3,High-Risk Regions,High-Risk Regions,Europe
-0.5736345831384847,-0.1814988822895892,0.0,-0.0771346587725072,-0.0647081069505546,-0.045597059625042,-0.0451219630891896,-0.2217199049194657,-0.0909244388084104,0.0,0.4999980852160903,-0.5155191177227841,0.1893656024224974,0.4522441018522419,1.3207001136538017,Oman,4576300,0,0,0,1,Healthcare-Strained Regions,Healthcare-Strained Regions,Asia
-0.9678310988105132,-0.8518421984863446,0.0,-0.0771346587725072,-0.0647081069505546,-0.045597059625042,0.4577211866545327,-0.2217199049194657,-0.0909244388084104,0.0,0.4592032623637315,-0.6048129669648893,0.1741034817924166,1.0800917091168705,-0.0141025167194972,Pakistan,235824864,0,0,0,1,Healthcare-Strained Regions,Healthcare-Strained Regions,Asia
0.7230186461982925,-0.5301116338909853,0.0,-0.0771346587725072,-0.0647081069505546,-0.045597059625042,-0.6901325310850621,-0.2217199049194657,-0.0909244388084104,0.0,-2.6412032744155387,1.0510448748140968,0.1960477987679384,-0.0912657671231082,-0.115135468916761,Palau,18084,0,0,0,7,"High-Case, Low-Mortality Regions","High-Case, Low-Mortality Regions",Oceania
-0.345386365503193,-0.1237481937342864,0.0,-0.0771346587725072,-0.0647081069505546,-0.045597059625042,-0.2685121663544998,-0.2217199049194657,-0.0909244388084104,0.0,0.4592032623637315,-0.288059229971213,0.179019377777003,-0.0912657671231082,-0.0580446358118753,Palestine,5250076,0,0,0,1,Healthcare-Strained Regions,Healthcare-Strained Regions,Asia
0.1587127977644003,0.5586028436538374,0.0,-0.0771346587725072,-0.0647081069505546,-0.045597059625042,-0.2520355810017856,-0.1899248334570508,0.0355696920979162,0.0,0.336818793806655,-0.1590475110730425,0.1505890673618437,-0.0537823278834289,0.8273512623176913,Panama,4408582,0,0,0,3,High-Risk Regions,High-Risk Regions,North America
-0.978016036629156,-0.9004744070602233,0.0,-0.0771346587725072,-0.0647081069505546,-0.045597059625042,0.1294332468613963,-0.2217199049194657,-0.0909244388084104,0.0,-0.2343087261263684,-0.602256215642829,0.1945634355339919,-0.0912657671231082,-1.799267160361969,Papua New Guinea,10142625,0,0,0,1,Healthcare-Strained Regions,Healthcare-Strained Regions,Oceania
-0.4698284011241191,1.279312783872942,0.0,-0.0771346587725072,-0.0647081069505546,-0.045597059625042,0.9487225451542952,-0.2217199049194657,-0.0909244388084104,0.0,0.3776136166590139,-0.4529556088645296,0.176251878082512,2.0452902695386133,0.2739260271453677,Paraguay,6780745,0,0,0,1,Healthcare-Strained Regions,Healthcare-Strained Regions,South America
-0.3502476743249314,3.9856027277501673,0.0,-0.0771346587725072,-0.0647081069505546,-0.045597059625042,2.3520789634212496,-0.2217199049194657,-0.0909244388084104,0.0,0.3776136166590139,-0.3307199127841132,0.0209771596208885,0.3679063635629634,0.004232031910066,Peru,34049588,0,0,0,3,High-Risk Regions,High-Risk Regions,South America
-0.8253509371752057,-0.51061029336357,0.0,-0.0771346587725072,-0.0647081069505546,-0.045597059625042,0.2487262351499748,-0.2217199049194657,-0.0909244388084104,0.0,0.5407929080684492,-0.5503557188730993,0.1001483619234508,0.7708533353895162,0.921628917242464,Philippines,115559008,0,0,0,0,High-Risk Regions,High-Risk Regions,Asia
-0.5842989533543914,-0.9507198506685348,0.0,-0.0771346587725072,-0.0647081069505546,-0.045597059625042,-0.7911906024887428,-0.2217199049194657,-0.0909244388084104,0.0,-3.6202790228721504,1.8749046001095804,0.1964556919761679,-2.0497754673963526,-0.115135468916761,Pitcairn,47,0,0,-1,7,"High-Case, Low-Mortality Regions","High-Case, Low-Mortality Regions",Oceania
-0.1818968252362797,1.353197453624431,0.0,-0.0771346587725072,-0.0647081069505546,-0.045597059625042,0.3741952175997485,1.5715221255607346,-0.0234609023250362,0.0,0.4184084395113727,-0.3659522970086501,0.0049574136442039,0.6209195784307989,-0.9286221525685971,Poland,39857144,0,0,-1,3,High-Risk Regions,High-Risk Regions,Europe
1.6970556184723764,1.18278557625387,0.0,-0.0771346587725072,-0.0647081069505546,-0.045597059625042,-0.4636664328333683,1.2744148466730574,1.359541595584135,0.0,0.4999980852160903,0.541650417399736,-0.1549389296297939,-0.1474909259826272,-0.1468361333785229,Portugal,10270857,0,0,-1,3,High-Risk Regions,High-Risk Regions,Europe
0.8835103662052302,0.437975205668562,0.0,-0.0771346587725072,-0.0647081069505546,-0.045597059625042,-0.4859548637373693,-0.2217199049194657,-0.0909244388084104,0.0,0.2144343252495786,0.0406994698802739,0.1151980139412608,-0.0912657671231082,-0.115135468916761,Puerto Rico,3252412,0,0,0,1,Healthcare-Strained Regions,Healthcare-Strained Regions,North America
-0.0667400389805366,-0.7559859952595921,0.0,-0.0771346587725072,-0.0647081069505546,-0.045597059625042,-0.7048350580672709,-0.2217199049194657,-0.0909244388084104,0.0,0.3776136166590139,-0.3047382963833694,0.1766022468722771,-1.496894738611083,0.5059445263553062,Qatar,2695131,0,0,0,1,Healthcare-Strained Regions,Healthcare-Strained Regions,Asia
1.4832447840377727,-0.2315271348228295,0.0,-0.0771346587725072,-0.0647081069505546,-0.045597059625042,-0.6712802494652597,-0.2217199049194657,-0.0909244388084104,0.0,0.3776136166590139,0.7958165933422136,0.1567537326973039,-0.0912657671231082,-0.115135468916761,Reunion,974062,0,0,0,1,Healthcare-Strained Regions,Healthcare-Strained Regions,Africa
-0.1193686503265752,1.7121570091463163,0.0,-0.0771346587725072,-0.0647081069505546,-0.045597059625042,0.4601950006066547,3.1259478415010187,0.0440026341583379,0.0,0.4999980852160903,-0.3004955916748554,0.0883353678152502,-0.0912657671231082,0.1478293966334023,Romania,19659270,0,0,-1,3,High-Risk Regions,High-Risk Regions,Europe
-0.1802610250848525,1.1684773205697483,0.0,-0.0771346587725072,-0.0647081069505546,-0.045597059625042,0.2786211304890995,6.616340130930565,0.3560214903939437,0.0,0.7039721994778845,-0.3438873940462913,-0.6513898461893206,1.5392638398029423,-0.0085460478169498,Russia,144713312,0,0,-1,0,High-Risk Regions,High-Risk Regions,Europe
-0.9532997571446692,-0.869669846389156,0.0,-0.0771346587725072,-0.0647081069505546,-0.045597059625042,-0.0818415648755218,-0.2217199049194657,-0.0909244388084104,0.0,-0.7238466003546743,-0.5896759920914542,0.1905054734083487,0.4241315224224824,1.4574339660848188,Rwanda,13776702,0,0,0,1,Healthcare-Strained Regions,Healthcare-Strained Regions,Africa
1.4497077432444565,-0.6047912081269118,0.0,-0.0771346587725072,-0.0647081069505546,-0.045597059625042,-0.7327248288384565,-0.2217199049194657,-0.0909244388084104,0.0,0.336818793806655,0.7227348989217026,0.1961630730097984,-0.0912657671231082,-0.115135468916761,Saint Barthelemy,10994,0,0,0,7,"High-Case, Low-Mortality Regions","High-Case, Low-Mortality Regions",North America
0.9611549276670652,-0.9507198506685348,0.0,-0.0771346587725072,-0.0647081069505546,-0.045597059625042,-0.7911906024887428,-0.2217199049194657,-0.0909244388084104,0.0,-3.3755100857579974,6.408778897864302,0.1962506840235616,-1.6655702151896397,-0.115135468916761,Saint Helena,5401,0,0,-1,7,"High-Case, Low-Mortality Regions","High-Case, Low-Mortality Regions",Africa
-0.3227841502418787,-0.2169079892532134,0.0,-0.0771346587725072,-0.0647081069505546,-0.045597059625042,-0.3428580245369398,-0.2217199049194657,-0.0909244388084104,0.0,0.1736395023972197,0.0095598197731516,0.1961407604444431,-0.4473584399000617,0.1758344677405828,Saint Kitts and Nevis,47681,0,0,0,1,Healthcare-Strained Regions,Healthcare-Strained Regions,North America
-0.1770767898718083,0.7830543814543826,0.0,-0.0771346587725072,-0.0647081069505546,-0.045597059625042,0.0806680353275955,-0.2139477763397643,-0.0909244388084104,0.0,0.2960239709542962,-0.2350720658270731,0.1949174495651947,-0.0912657671231082,-0.7051476327507288,Saint Lucia,179872,0,0,0,1,Healthcare-Strained Regions,Healthcare-Strained Regions,North America
0.8942133898987752,0.1490061791323182,0.0,-0.0771346587725072,-0.0647081069505546,-0.045597059625042,-0.5508357386030269,-0.2217199049194657,-0.0909244388084104,0.0,0.336818793806655,1.4959744597208209,0.1958756061136179,-0.0912657671231082,-0.115135468916761,Saint Martin (French part),31816,0,0,0,1,Healthcare-Strained Regions,Healthcare-Strained Regions,North America
1.8471550769174288,-0.6922226886564631,0.0,-0.0771346587725072,-0.0647081069505546,-0.045597059625042,-0.7535991237389323,-0.2217199049194657,-0.0909244388084104,0.0,0.5407929080684492,2.25286005428156,0.1962423208359323,-0.0912657671231082,-0.115135468916761,Saint Pierre and Miquelon,5885,0,0,-1,7,"High-Case, Low-Mortality Regions","High-Case, Low-Mortality Regions",North America
-0.5454117976023446,-0.0434596855712894,0.0,-0.0771346587725072,-0.0647081069505546,-0.045597059625042,0.0342054264759803,-0.2217199049194657,-0.0909244388084104,0.0,0.2552291481019374,-0.3974674710547189,0.1961125011245907,-0.0912657671231082,-0.9986059755341172,Saint Vincent and the Grenadines,103959,0,0,0,1,Healthcare-Strained Regions,Healthcare-Strained Regions,North America
-0.6254277898872039,-0.8446923095208385,0.0,-0.0771346587725072,-0.0647081069505546,-0.045597059625042,-0.6741582816790351,-0.2217199049194657,-0.0909244388084104,0.0,-0.6830517775023155,-0.2048917160901777,0.1949170583566272,-0.4098750006603824,0.9712396705857038,Samoa,222390,0,0,0,1,Healthcare-Strained Regions,Healthcare-Strained Regions,Oceania
2.671753968136538,1.8940149460600364,0.0,-0.0771346587725072,-0.0647081069505546,-0.045597059625042,-0.4703907610210225,-0.2217199049194657,-0.0909244388084104,0.0,0.336818793806655,0.4198651813116266,0.1950416682063232,-1.431298719941644,1.082660279602163,San Marino,33690,0,0,-1,1,Healthcare-Strained Regions,Healthcare-Strained Regions,Europe
-0.8549583955179618,-0.6831204437490532,0.0,-0.0771346587725072,-0.0647081069505546,-0.045597059625042,-0.030367053843931,-0.2217199049194657,-0.0909244388084104,0.0,0.0920498566925021,-0.5041318967990566,0.196263020739889,-0.0912657671231082,-0.1641577511504281,Sao Tome and Principe,227393,0,0,0,1,Healthcare-Strained Regions,Healthcare-Strained Regions,Africa
-0.8875617583940584,-0.7492023087704185,0.0,-0.0771346587725072,-0.0647081069505546,-0.045597059625042,-0.0530214208701565,-0.2217199049194657,-0.0909244388084104,0.0,0.3776136166590139,-0.5806267817329953,0.1735316444279576,-1.206398084503568,2.661971493573003,Saudi Arabia,36408824,0,0,0,1,Healthcare-Strained Regions,Healthcare-Strained Regions,Asia
-0.975339616977245,-0.8641433632123487,0.0,-0.0771346587725072,-0.0647081069505546,-0.045597059625042,0.6271585544313689,-0.2058223691882583,-0.0909244388084104,0.0,-0.6830517775023155,-0.6005487695579231,0.1937020738917392,-0.0912657671231082,-1.6667719840768127,Senegal,17316452,0,0,0,1,Healthcare-Strained Regions,Healthcare-Strained Regions,Africa
0.8385159344280633,1.048052474722667,0.0,-0.0771346587725072,-0.0647081069505546,-0.045597059625042,-0.3411113968667442,-0.2217199049194657,-0.0909244388084104,0.0,0.4184084395113727,-0.1155682430083765,0.106707631659061,-0.0912657671231082,0.2665837877456632,Serbia,6871547,0,0,0,1,Healthcare-Strained Regions,Healthcare-Strained Regions,Europe
1.3684814611762215,0.2704310212774165,0.0,-0.0771346587725072,-0.0647081069505546,-0.045597059625042,-0.5777264130555789,-0.2217199049194657,-0.0909244388084104,0.0,0.2960239709542962,0.4621114542243872,0.1944464147622324,-1.309477542412686,0.0366452105375272,Seychelles,107135,0,0,0,1,Healthcare-Strained Regions,Healthcare-Strained Regions,Africa
-0.9960828783462218,-0.9396715648472778,0.0,-0.0771346587725072,-0.0647081069505546,-0.045597059625042,0.217616940725088,-0.2217199049194657,-0.0909244388084104,0.0,-1.009410360321186,-0.6089551710336658,0.1962770325436806,4.97836939004352,-0.2792713146117226,Sierra Leone,8605723,0,0,0,0,High-Risk Regions,High-Risk Regions,Africa
1.608093920500773,-0.6776127263709298,0.0,-0.0771346587725072,-0.0647081069505546,-0.045597059625042,-0.7478349315166164,-0.2217199049194657,-0.0909244388084104,0.0,0.8263566680349609,0.0535082210768717,0.0483575656989496,-0.1287492063627875,0.9191377746427728,Singapore,5637022,0,0,0,3,High-Risk Regions,High-Risk Regions,Asia
0.2226520217929062,0.6327741466225558,0.0,-0.0771346587725072,-0.0647081069505546,-0.045597059625042,-0.2551063852183488,-0.2217199049194657,-0.0909244388084104,0.0,0.2552291481019374,0.8014805994289292,0.1961126764138318,-1.131431206024209,-0.8627661908690056,Sint Maarten (Dutch part),44192,0,0,0,1,Healthcare-Strained Regions,Healthcare-Strained Regions,North America
0.627235916056819,1.9102666224678653,0.0,-0.0771346587725072,-0.0647081069505546,-0.045597059625042,-0.0633448658120657,-0.1736740191540388,-0.0824914967479886,0.0,0.4999980852160903,0.0311365639503917,0.1072574141642739,-0.0912657671231082,0.0326690411335974,Slovakia,5643455,0,0,0,3,High-Risk Regions,High-Risk Regions,Europe
2.1298325407680707,2.667194828786739,0.0,-0.0771346587725072,-0.0647081069505546,-0.045597059625042,-0.3125709909640271,-0.0934797833543923,0.0271367500374944,0.0,0.4184084395113727,0.7507239820056293,0.1293970750584888,0.5459526999514402,0.99640759767481,Slovenia,2119843,0,0,0,3,High-Risk Regions,High-Risk Regions,Europe
-0.8253243429645903,-0.7417307527262098,0.0,-0.0771346587725072,-0.0647081069505546,-0.045597059625042,-0.2974537443325192,-0.2217199049194657,-0.0909244388084104,0.0,2.784508164948184,-0.4358547622782459,0.1964556919761679,-0.0912657671231082,-0.4859174872876677,Solomon Islands,724272,0,0,-1,1,Healthcare-Strained Regions,Healthcare-Strained Regions,Oceania
-0.993020081077446,-0.8918925115453401,0.0,-0.0771346587725072,-0.0647081069505546,-0.045597059625042,2.415091332718573,-0.2217199049194657,-0.0909244388084104,0.0,-1.6213327031065683,-0.6091760922220705,0.1952179260275357,-0.0912657671231082,-0.7701387357168924,Somalia,17597508,0,0,0,1,Healthcare-Strained Regions,Healthcare-Strained Regions,Africa
-0.6679807197276768,0.3521948062024285,0.0,-0.0771346587725072,-0.0647081069505546,-0.045597059625042,0.8309317804336549,-0.2196002334886381,-0.0909244388084104,0.0,0.1736395023972197,-0.5315186949535569,0.1082749301496997,-0.0912657671231082,-0.6875329898945003,South Africa,59893884,0,0,0,1,Healthcare-Strained Regions,Healthcare-Strained Regions,Africa
2.263193963535965,-0.4232282610248842,0.0,-0.0771346587725072,-0.0647081069505546,-0.045597059625042,-0.7242592767217294,-0.2217199049194657,-0.0909244388084104,0.0,0.9895359594443962,0.9202457096010864,-2.322908396749156,-0.0162988886437495,0.6344955395242192,South Korea,51815808,0,0,-1,3,High-Risk Regions,High-Risk Regions,Asia
-0.9921811047501568,-0.9404742226159928,0.0,-0.0771346587725072,-0.0647081069505546,-0.045597059625042,-0.2882979788119371,-0.2217199049194657,-0.0909244388084104,0.0,-1.7437171716636448,-0.6073839143668522,0.1959284675349795,-0.0912657671231082,-0.7408488332604721,South Sudan,10913172,0,0,0,1,Healthcare-Strained Regions,Healthcare-Strained Regions,Africa
0.437361884093453,0.9981173399348208,0.0,-0.0771346587725072,-0.0647081069505546,-0.045597059625042,-0.2299336920023516,-0.2217199049194657,-0.0909244388084104,0.0,0.6223825537731668,-0.0235408136583831,-0.4332749203088734,-0.3536498418008634,1.329579521059468,Spain,47558632,0,0,0,3,High-Risk Regions,High-Risk Regions,Europe
-0.8498699761345351,-0.3616832284338332,0.0,-0.0771346587725072,-0.0647081069505546,-0.045597059625042,0.8269961218848075,-0.2192469549168335,-0.0909244388084104,0.0,-0.2751035489787272,-0.5554565960469262,0.1736903438785803,-0.7191133743877368,2.2090139122894947,Sri Lanka,21832150,0,0,0,1,Healthcare-Strained Regions,Healthcare-Strained Regions,Asia
-0.9939401260192324,-0.8688383811294973,0.0,-0.0771346587725072,-0.0647081069505546,-0.045597059625042,4.286445214470204,-0.2217199049194657,-0.0909244388084104,0.0,0.2960239709542962,-0.6086846671536288,0.1948847488682353,-0.0912657671231082,-1.0968658647394465,Sudan,46874200,0,0,-1,1,Healthcare-Strained Regions,Healthcare-Strained Regions,Africa
-0.3476337524324998,0.779641362419248,0.0,-0.0771346587725072,-0.0647081069505546,-0.045597059625042,0.3062294234065302,-0.2217199049194657,-0.0909244388084104,0.0,0.336818793806655,-0.3018713891274842,0.1947159279341309,-0.0912657671231082,1.485174447340932,Suriname,618046,0,0,0,1,Healthcare-Strained Regions,Healthcare-Strained Regions,South America
0.2769643144322481,1.0247995686570592,0.0,-0.0771346587725072,-0.0647081069505546,-0.045597059625042,-0.1508200530788297,0.3477651528295655,0.4150520848168961,0.0,0.581587730920808,0.1671434992808093,0.1316364489892734,0.0492971300256892,0.2132456176181704,Sweden,10549349,0,0,0,3,High-Risk Regions,High-Risk Regions,Europe
1.4943032873729996,0.2824056104141431,0.0,-0.0771346587725072,-0.0647081069505546,-0.045597059625042,-0.5865039994074749,0.3131438527927138,-0.0909244388084104,0.0,0.4592032623637315,0.2204130443620232,-0.0687569493863221,-0.0912657671231082,-0.115135468916761,Switzerland,8740471,0,0,0,3,High-Risk Regions,High-Risk Regions,Europe
-0.9879225154264974,-0.8419813317752948,0.0,-0.0771346587725072,-0.0647081069505546,-0.045597059625042,2.755800401121641,-0.2217199049194657,-0.0909244388084104,0.0,-0.2751035489787272,-0.6076823516651538,0.1947227467491255,-0.0912657671231082,-1.4533709834614308,Syria,22125242,0,0,0,1,Healthcare-Strained Regions,Healthcare-Strained Regions,Asia
-0.99187664026842,-0.9411669014999584,0.0,-0.0771346587725072,-0.0647081069505546,-0.045597059625042,-0.3386281720770056,-0.2217199049194657,-0.0909244388084104,0.0,-3.497894554315074,-0.6068495843352415,0.1958240496188624,1.164429447406149,0.2570925600056374,Tajikistan,9952789,0,0,-1,1,Healthcare-Strained Regions,Healthcare-Strained Regions,Asia
-0.9973897153456766,-0.9408952203096094,0.0,-0.0771346587725072,-0.0647081069505546,-0.045597059625042,0.4689874178968176,-0.2217199049194657,-0.0909244388084104,0.0,-0.6830517775023155,-0.6018153428633441,0.1951144787096109,-0.0912657671231082,0.2255514283133036,Tanzania,65497752,0,0,0,1,Healthcare-Strained Regions,Healthcare-Strained Regions,Africa
-0.6731793446770223,-0.5824312377208011,0.0,-0.0771346587725072,-0.0647081069505546,-0.045597059625042,-0.3253933703445363,0.6809068460413127,-0.0403267864458797,0.0,1.0711256051491138,-0.5366504999723002,0.0406992941498285,0.1430057281248875,2.036424745523133,Thailand,71697024,0,0,0,3,High-Risk Regions,High-Risk Regions,Asia
-0.9787653418669272,-0.9257916588692928,0.0,-0.0771346587725072,-0.0647081069505546,-0.045597059625042,-0.3187818269121345,-0.2217199049194657,-0.0909244388084104,0.0,0.2552291481019374,-0.600531229778851,0.1954367927515696,-0.0912657671231082,-1.3845232506253686,Togo,8848700,0,0,0,1,Healthcare-Strained Regions,Healthcare-Strained Regions,Africa
-0.7938881856689989,-0.9507198506685348,0.0,-0.0771346587725072,-0.0647081069505546,-0.045597059625042,-0.7911906024887428,-0.2217199049194657,-0.0909244388084104,0.0,-2.396434337301386,-0.0092259717574796,0.1964556919761679,-2.0497754673963526,-0.115135468916761,Tokelau,1893,0,0,-1,7,"High-Case, Low-Mortality Regions","High-Case, Low-Mortality Regions",Oceania
-0.22355526694383,-0.8653096230898972,0.0,-0.0771346587725072,-0.0647081069505546,-0.045597059625042,-0.7456716087810906,-0.2206600692040519,-0.0909244388084104,0.0,-2.7635877429726152,-0.0170696677397524,0.1948652383070563,0.171118307554647,0.7378053365243324,Tonga,106867,0,0,0,1,Healthcare-Strained Regions,Healthcare-Strained Regions,Oceania
-0.3887797933202634,1.2302485986683451,0.0,-0.0771346587725072,-0.0647081069505546,-0.045597059625042,0.6850311024141633,-0.2217199049194657,-0.0909244388084104,0.0,0.336818793806655,-0.4929306999157421,0.1867736893256426,-0.0912657671231082,0.3058951600068823,Trinidad and Tobago,1531043,0,0,0,1,Healthcare-Strained Regions,Healthcare-Strained Regions,North America
-0.5440058458303382,0.860525258940777,0.0,-0.0771346587725072,-0.0647081069505546,-0.045597059625042,0.8515480003987888,-0.2217199049194657,-0.0909244388084104,0.0,0.3776136166590139,-0.4549480303610804,0.1578187202161357,0.6677738774803981,0.0870841464432863,Tunisia,12356116,0,0,0,1,Healthcare-Strained Regions,Healthcare-Strained Regions,Africa
-0.0259093489567994,-0.0467944603221695,0.0,-0.0771346587725072,-0.0647081069505546,-0.045597059625042,-0.407132737839697,-0.2217199049194657,-0.0909244388084104,0.0,0.4184084395113727,-0.3672804446745517,-0.4326326201293078,0.0305554104058495,0.4548625067924035,Turkey,85341248,0,0,0,3,High-Risk Regions,High-Risk Regions,Asia
-1.0006183833350335,-0.9507198506685348,0.0,-0.0771346587725072,-0.0647081069505546,-0.045597059625042,-0.2520355810017856,-0.2217199049194657,-0.0909244388084104,0.0,0.336818793806655,-0.6110052605242198,0.1964556919761679,4.575422418216967,-0.115135468916761,Turkmenistan,6430777,0,0,0,0,High-Risk Regions,High-Risk Regions,Asia
-0.2726215932820073,-0.2853409421958756,0.0,-0.0771346587725072,-0.0647081069505546,-0.045597059625042,-0.4126794894928559,-0.2203067906322473,-0.0909244388084104,0.0,0.2144343252495786,0.0763358226230737,0.19627587535083,-0.765967673437336,-0.115135468916761,Turks and Caicos Islands,45726,0,0,0,1,Healthcare-Strained Regions,Healthcare-Strained Regions,North America
0.2694680717675782,-0.883615492554682,0.0,-0.0771346587725072,-0.0647081069505546,-0.045597059625042,-0.7693101393224413,-0.2217199049194657,-0.0909244388084104,0.0,-2.60040845156318,2.213304151495373,0.1959456819135095,-1.421927860131724,-0.115135468916761,Tuvalu,11335,0,0,-1,7,"High-Case, Low-Mortality Regions","High-Case, Low-Mortality Regions",Oceania
-0.9827952671207836,-0.8922516047661804,0.0,-0.0771346587725072,-0.0647081069505546,-0.045597059625042,0.5673589848196007,-0.2217199049194657,-0.0909244388084104,0.0,-0.6014621317975978,-0.5976194925256805,0.1922515692596068,-0.0912657671231082,-0.5707632470427761,Uganda,47249588,0,0,0,1,Healthcare-Strained Regions,Healthcare-Strained Regions,Africa
-0.3189107948601395,1.155188108496171,0.0,-0.0771346587725072,-0.0647081069505546,-0.045597059625042,0.4881327471743477,-0.1051379762239444,-0.0909244388084104,0.0,0.4184084395113727,-0.4322675208923125,0.0605046009745559,-0.0912657671231082,0.6793320564352248,Ukraine,39701744,0,0,0,3,High-Risk Regions,High-Risk Regions,Europe
-0.4477562679709879,-0.7614720147329724,0.0,-0.0771346587725072,-0.0647081069505546,-0.045597059625042,-0.649430780292365,-0.2217199049194657,-0.0909244388084104,0.0,-1.4989482345494918,-0.5296834799221967,0.1597047119203936,-0.4005041408504626,1.0627995388574942,United Arab Emirates,9441138,0,0,0,1,Healthcare-Strained Regions,Healthcare-Strained Regions,Asia
0.8090638768591089,1.664502272575615,0.0,-0.0771346587725072,-0.0647081069505546,-0.045597059625042,-0.1927165563044458,4.2186384640926775,-0.0909244388084104,0.0,0.4999980852160903,-0.0397303781472174,-0.8884574275997038,-0.4005041408504626,0.9783111068160758,United Kingdom,67508936,0,0,-1,3,High-Risk Regions,High-Risk Regions,Europe
0.4951032319100616,1.732052249283088,0.0,-0.0771346587725072,-0.0647081069505546,-0.045597059625042,-0.0483902857859504,-0.2217199049194657,15.122103038192474,0.0,0.581587730920808,-0.1230787372968987,-3.729613477438301,0.0211845505959297,-0.4023818570192488,United States,338289856,0,0,-1,2,"High-Mortality, High-Resource Region","High-Mortality, High-Resource Region",North America
0.2478534005731046,0.0585673626841194,0.0,-0.0771346587725072,-0.0647081069505546,-0.045597059625042,-0.4563985740909274,-0.2217199049194657,-0.0909244388084104,0.0,0.1736395023972197,0.0053119156664996,0.1948959054233791,-0.0912657671231082,-0.115135468916761,United States Virgin Islands,99479,0,0,0,1,Healthcare-Strained Regions,Healthcare-Strained Regions,North America
0.4876408451753151,0.7564059966831734,0.0,-0.0771346587725072,-0.0647081069505546,-0.045597059625042,-0.316155150101061,-0.2079420406190859,-0.0909244388084104,0.0,0.336818793806655,0.0581381729334983,0.1372877831687132,-0.8877888509662938,-0.1271955732799488,Uruguay,3422796,0,0,0,1,Healthcare-Strained Regions,Healthcare-Strained Regions,South America
-0.975885168422049,-0.928402483182067,0.0,-0.0771346587725072,-0.0647081069505546,-0.045597059625042,-0.4175092187406487,-0.2217199049194657,-0.0909244388084104,0.0,-0.8870258917641095,-0.6034632637142967,0.1922871216831541,2.9917471103405155,-0.2757421483340247,Uzbekistan,34627648,0,0,0,0,High-Risk Regions,High-Risk Regions,Asia
-0.8206794007063892,-0.9181292274617204,0.0,-0.0771346587725072,-0.0647081069505546,-0.045597059625042,-0.7161827945697851,-0.2217199049194657,-0.0909244388084104,0.0,-0.7238466003546743,-0.4687770316595629,0.1949450366043821,-0.0912657671231082,0.3247887411432574,Vanuatu,326744,0,0,0,1,Healthcare-Strained Regions,Healthcare-Strained Regions,Oceania
-0.8432104800440854,-0.9507198506685348,0.0,-0.0771346587725072,-0.0647081069505546,-0.045597059625042,-0.7911906024887428,-0.2217199049194657,-0.0909244388084104,0.0,-2.3148446915966683,-0.1049010871649868,0.1964556919761679,-0.0912657671231082,-0.115135468916761,Vatican,808,0,0,0,1,Healthcare-Strained Regions,Healthcare-Strained Regions,Europe
-0.9050888712774708,-0.7933357720500994,0.0,-0.0771346587725072,-0.0647081069505546,-0.045597059625042,-0.1089111294622483,-0.2217199049194657,-0.0909244388084104,0.0,0.4184084395113727,-0.5968999089634631,0.1893337781270432,0.2460851860340056,-0.115135468916761,Venezuela,28301700,0,0,0,1,Healthcare-Strained Regions,Healthcare-Strained Regions,South America
-0.4215007427252142,-0.6160142663108708,0.0,-0.0771346587725072,-0.0647081069505546,-0.045597059625042,-0.5518396097951294,-0.2217199049194657,-0.0909244388084104,0.0,0.9487411365920372,-0.0620203519173082,-0.3645756813429912,-0.0256697484536694,2.5885222619278627,Vietnam,98186856,0,0,0,3,High-Risk Regions,High-Risk Regions,Asia
0.5855313593818321,-0.3603739475135948,0.0,-0.0771346587725072,-0.0647081069505546,-0.045597059625042,-0.63705554188081,-0.2217199049194657,-0.0909244388084104,0.0,0.581587730920808,6.074218613995852,0.1964746026364124,-0.2224578044619858,-0.4315797352071125,Wallis and Futuna,11596,0,0,1,7,"High-Case, Low-Mortality Regions","High-Case, Low-Mortality Regions",Oceania
-0.9988843219642451,-0.9019851103801904,0.0,-0.0771346587725072,-0.0647081069505546,-0.045597059625042,10.84774489265568,-0.2217199049194657,-0.0909244388084104,0.0,-1.5397430574018507,-0.6103742038189385,0.1959832833418389,-0.0912657671231082,-1.825494262347608,Yemen,33696612,0,0,-1,1,Healthcare-Strained Regions,Healthcare-Strained Regions,Asia
-0.9151268771420736,-0.7958027226949962,0.0,-0.0771346587725072,-0.0647081069505546,-0.045597059625042,-0.0407513583948953,-0.188864997741637,-0.0234609023250362,0.0,0.1736395023972197,-0.5725309861845916,0.1864874793891001,-0.0912657671231082,-0.4341858799384279,Zambia,20017670,0,0,0,3,High-Risk Regions,High-Risk Regions,Africa
-0.9207745377868456,-0.6832039223327251,0.0,-0.0771346587725072,-0.0647081069505546,-0.045597059625042,0.5963550109630188,-0.2213666263476611,-0.0909244388084104,0.0,0.0920498566925021,-0.5632712367127312,0.1880079786447097,-0.0912657671231082,-0.5243488698434431,Zimbabwe,16320539,0,0,0,1,Healthcare-Strained Regions,Healthcare-Strained Regions,Africa
